<?xml version="1.0" encoding="utf-8"?>
<watch>
	<shape>run</shape>
	<name>射门达人</name>
	<deviceType>N66</deviceType>
	<version>1.0.0</version>
	<size>192x490</size>
	<author>小米</author>
	<pkgName>120917345585</pkgName>
	<imageFormat>indexed8</imageFormat>
	<imageCompression>false</imageCompression>
	<editorVersion>1.0.0</editorVersion>
	<webVersionCreatedAt>2024-07-15T09:49:47+08:00</webVersionCreatedAt>
	<editorVersionCreatedAt>1.0.0</editorVersionCreatedAt>
	<webVersionUpdatedAt>2024-08-30T16:58:31+08:00</webVersionUpdatedAt>
	<editorVersionUpdatedAt>1.0.0</editorVersionUpdatedAt>
	<_recolorEnable>false</_recolorEnable>
	<temperatureUnitType>system</temperatureUnitType>
	<imageArrayRamMethod>whole</imageArrayRamMethod>
	<_id>5426640c68abda136090d46b3ca4ce59</_id>
</watch>