{
  "themes": [
    {
      "id": "yjo1kl",
      "name": "样式1",
      "type": "normal",
      "children": [
        {
          "id": "ap7bla",
          "type": "Image",
          "attrs": {
            "sourceEnabled": false,
            "valueStart": 0,
            "valueEnd": 0,
            "angleStart": 0,
            "angleEnd": 360,
            "recolorEnable": true,
            "x": 0,
            "y": 0,
            "w": 192,
            "h": 490,
            "rotation": 0,
            "name": "bg",
            "showImgFormat": false,
            "_visibility": true,
            "_isLocked": false,
            "pointerFps": 1,
            "pointerRegionNum": 0,
            "shadowPointerOffsetY": 0,
            "resources": {
              "pointer0": {
                "uu2t8n": [
                  "3019530.png"
                ]
              }
            }
          }
        },
        {
          "id": "ramcs5",
          "type": "JsFile",
          "attrs": {
            "sourceEnabled": false,
            "valueStart": 0,
            "valueEnd": 0,
            "angleStart": 0,
            "angleEnd": 360,
            "recolorEnable": true,
            "x": 36,
            "y": 410,
            "w": 120,
            "h": 60,
            "rotation": 0,
            "name": "JS/LUA程序1",
            "showImgFormat": false,
            "_visibility": true,
            "_isLocked": false,
            "resources": {
              "jsPreview": {
                "uu2t8n": [
                  "4685d44.png"
                ]
              }
            },
            "jsFilename": "_lua/code/shoot.lua",
            "jsImgNames": [
              "_lua/code/historyData.txt",
              "_lua/code/shoot/b0.rle",
              "_lua/code/shoot/b1.rle",
              "_lua/code/shoot/b2.rle",
              "_lua/code/shoot/b3.rle",
              "_lua/code/shoot/b4.rle",
              "_lua/code/shoot/b5.rle",
              "_lua/code/shoot/b6.rle",
              "_lua/code/shoot/b7.rle",
              "_lua/code/shoot/b8.rle",
              "_lua/code/shoot/b9.rle",
              "_lua/code/shoot/back.rle",
              "_lua/code/shoot/bball.rle",
              "_lua/code/shoot/bg.rle",
              "_lua/code/shoot/cup.rle",
              "_lua/code/shoot/eclipse.rle",
              "_lua/code/shoot/gameover.rle",
              "_lua/code/shoot/get_score.rle",
              "_lua/code/shoot/lgoal.rle",
              "_lua/code/shoot/lose_num.rle",
              "_lua/code/shoot/newrecord.rle",
              "_lua/code/shoot/readytoast.rle",
              "_lua/code/shoot/restart.rle",
              "_lua/code/shoot/rgoal.rle",
              "_lua/code/shoot/sball.rle",
              "_lua/code/shoot/sball_gray.rle",
              "_lua/code/shoot/score0.rle",
              "_lua/code/shoot/score1.rle",
              "_lua/code/shoot/score2.rle",
              "_lua/code/shoot/score3.rle",
              "_lua/code/shoot/score4.rle",
              "_lua/code/shoot/score5.rle",
              "_lua/code/shoot/score6.rle",
              "_lua/code/shoot/score7.rle",
              "_lua/code/shoot/score8.rle",
              "_lua/code/shoot/score9.rle",
              "_lua/code/shoot/score_title.rle",
              "_lua/code/shoot/star.rle",
              "_lua/code/shoot/tip_again.rle",
              "_lua/code/shoot/tip_goal.rle"
            ]
          }
        },
        {
          "id": "w6vjam",
          "type": "Widget",
          "children": [
            {
              "id": "kjjf9p",
              "type": "ImageArray",
              "attrs": {
                "sourceEnabled": true,
                "source": "systemStatusBattery",
                "valueStart": 0,
                "valueEnd": 100,
                "angleStart": 0,
                "angleEnd": 360,
                "recolorEnable": true,
                "x": 50,
                "y": 0,
                "w": 15,
                "h": 22,
                "rotation": 0,
                "name": "电量数字",
                "showImgFormat": false,
                "_visibility": true,
                "_isLocked": false,
                "fillType": "数字填充",
                "align": "left",
                "space": 0,
                "widgetSpace": 0,
                "sourceProgressAccuracy": 10,
                "sourceWeatherType": "whole",
                "sourceFormat": 3,
                "sourceHourMode": "system",
                "resources": {
                  "images": {
                    "uu2t8n": [
                      "电量/4fb1fa9.png",
                      "电量/e522b67.png",
                      "电量/93601b6.png",
                      "电量/0b10285.png",
                      "电量/106133c.png",
                      "电量/6bcadac.png",
                      "电量/fc1dbd9.png",
                      "电量/289bf6f.png",
                      "电量/fd52c80.png",
                      "电量/d94b621.png"
                    ]
                  },
                  "unitIcon": {
                    "uu2t8n": [
                      "981d254.png"
                    ]
                  }
                },
                "decimalOffsetX": "0",
                "trailingZero": false
              }
            },
            {
              "id": "han9u9",
              "type": "Image",
              "attrs": {
                "sourceEnabled": false,
                "valueStart": 0,
                "valueEnd": 0,
                "angleStart": 0,
                "angleEnd": 360,
                "recolorEnable": true,
                "x": 107,
                "y": 0,
                "w": 30,
                "h": 30,
                "rotation": 0,
                "name": "电量图标",
                "showImgFormat": false,
                "_visibility": true,
                "_isLocked": false,
                "pointerFps": 1,
                "pointerRegionNum": 0,
                "shadowPointerOffsetY": 0,
                "resources": {
                  "pointer0": {
                    "uu2t8n": [
                      "0d141e4.png"
                    ]
                  }
                }
              }
            }
          ],
          "attrs": {
            "name": "电量",
            "x": 0,
            "y": 32,
            "_isLocked": false,
            "_visibility": true,
            "w": 192,
            "h": 30,
            "jumpApp": "settings",
            "flexDirection": "row",
            "justifyContent": "center",
            "alignItems": "center",
            "gap": 1
          }
        },
        {
          "id": "i33qbb",
          "type": "ImageArray",
          "attrs": {
            "sourceEnabled": true,
            "source": "timeHour",
            "valueStart": 0,
            "valueEnd": 24,
            "angleStart": 0,
            "angleEnd": 360,
            "recolorEnable": true,
            "x": 8,
            "y": 107,
            "w": 39,
            "h": 90,
            "rotation": 0,
            "name": "图组",
            "showImgFormat": false,
            "_visibility": true,
            "_isLocked": false,
            "fillType": "数字填充",
            "align": "left",
            "space": 0,
            "widgetSpace": -1,
            "sourceProgressAccuracy": 10,
            "sourceWeatherType": "whole",
            "sourceFormat": 2,
            "sourceHourMode": "system",
            "resources": {
              "images": {
                "uu2t8n": [
                  "时间/71c4051.png",
                  "时间/0dd177c.png",
                  "时间/3497c07.png",
                  "时间/5120702.png",
                  "时间/68c5f97.png",
                  "时间/334d330.png",
                  "时间/21630c8.png",
                  "时间/2d8873b.png",
                  "时间/dcab98f.png",
                  "时间/222c91b.png"
                ]
              },
              "unitIcon": {
                "uu2t8n": [
                  "23661ee.png"
                ]
              }
            },
            "decimalOffsetX": "0",
            "trailingZero": false
          }
        },
        {
          "id": "xl4glk",
          "type": "ImageArray",
          "attrs": {
            "sourceEnabled": true,
            "source": "date",
            "valueStart": 1,
            "valueEnd": 12,
            "angleStart": 0,
            "angleEnd": 360,
            "recolorEnable": true,
            "x": 11,
            "y": 210,
            "w": 13,
            "h": 30,
            "rotation": 0,
            "name": "图组1",
            "showImgFormat": false,
            "_visibility": true,
            "_isLocked": false,
            "fillType": "数字填充",
            "align": "left",
            "space": 0,
            "widgetSpace": 0,
            "sourceProgressAccuracy": 10,
            "sourceWeatherType": "whole",
            "sourceFormat": 12,
            "sourceHourMode": "system",
            "resources": {
              "images": {
                "uu2t8n": [
                  "日期/dc27137.png",
                  "日期/2b96408.png",
                  "日期/0d914c0.png",
                  "日期/cb98e0e.png",
                  "日期/b854e2f.png",
                  "日期/88a440f.png",
                  "日期/918ccad.png",
                  "日期/8cb4ac7.png",
                  "日期/ffd7ef7.png",
                  "日期/f91e591.png"
                ]
              },
              "unitIcon": {
                "uu2t8n": [
                  "239dfaf.png"
                ]
              }
            },
            "decimalOffsetX": "0",
            "trailingZero": false
          }
        },
        {
          "id": "7h2g3c",
          "type": "ImageArray",
          "attrs": {
            "sourceEnabled": true,
            "source": "miscIsPM",
            "valueStart": 0,
            "valueEnd": 1,
            "angleStart": 0,
            "angleEnd": 360,
            "recolorEnable": true,
            "x": 82,
            "y": 209,
            "w": 33,
            "h": 32,
            "rotation": 0,
            "name": "图组2",
            "showImgFormat": false,
            "_visibility": true,
            "_isLocked": false,
            "fillType": "普通填充",
            "align": "left",
            "space": 0,
            "widgetSpace": 0,
            "sourceProgressAccuracy": 10,
            "sourceWeatherType": "whole",
            "sourceHourMode": "system",
            "resources": {
              "images": {
                "uu2t8n": [
                  "星期/de5a007.png",
                  "星期/a7c24e4.png"
                ]
              }
            },
            "decimalOffsetX": "0",
            "trailingZero": false
          }
        },
        {
          "id": "tyz08q",
          "type": "ImageArray",
          "attrs": {
            "sourceEnabled": true,
            "source": "dateWeek",
            "valueStart": 0,
            "valueEnd": 6,
            "angleStart": 0,
            "angleEnd": 360,
            "recolorEnable": true,
            "x": 138,
            "y": 210,
            "w": 48,
            "h": 32,
            "rotation": 0,
            "name": "图组3",
            "showImgFormat": false,
            "_visibility": true,
            "_isLocked": false,
            "fillType": "普通填充",
            "align": "left",
            "space": 0,
            "widgetSpace": 0,
            "sourceProgressAccuracy": 10,
            "sourceWeatherType": "whole",
            "sourceHourMode": "system",
            "resources": {
              "images": {
                "uu2t8n": [
                  "星期/efac13f.png",
                  "星期/a6923f5.png",
                  "星期/f90342e.png",
                  "星期/236c2bb.png",
                  "星期/c890b42.png",
                  "星期/3b5b4f1.png",
                  "星期/95927f4.png"
                ]
              }
            },
            "decimalOffsetX": "0",
            "trailingZero": false
          }
        },
        {
          "id": "nzfpqe",
          "type": "Image",
          "attrs": {
            "sourceEnabled": false,
            "valueStart": 0,
            "valueEnd": 0,
            "angleStart": 0,
            "angleEnd": 360,
            "recolorEnable": true,
            "x": 83,
            "y": 107,
            "w": 24,
            "h": 90,
            "rotation": 0,
            "name": "Frame 427323071",
            "showImgFormat": false,
            "_visibility": true,
            "_isLocked": false,
            "temperatureUnitType": "celsius",
            "pointerFps": 1,
            "pointerRegionNum": 0,
            "shadowPointerOffsetY": 0,
            "resources": {
              "pointer0": {
                "uu2t8n": [
                  "23661ee.png"
                ]
              }
            }
          }
        },
        {
          "id": "971ldn",
          "type": "ImageArray",
          "attrs": {
            "sourceEnabled": true,
            "source": "timeMinute",
            "valueStart": 0,
            "valueEnd": 60,
            "angleStart": 0,
            "angleEnd": 360,
            "recolorEnable": true,
            "x": 108,
            "y": 107,
            "w": 39,
            "h": 90,
            "rotation": 0,
            "name": "图组4",
            "showImgFormat": false,
            "_visibility": true,
            "_isLocked": false,
            "temperatureUnitType": "celsius",
            "fillType": "数字填充",
            "align": "left",
            "space": 0,
            "widgetSpace": 0,
            "sourceProgressAccuracy": 10,
            "sourceWeatherType": "whole",
            "sourceFormat": 2,
            "sourceHourMode": "system",
            "resources": {
              "images": {
                "uu2t8n": [
                  "时间/71c4051.png",
                  "时间/0dd177c.png",
                  "时间/3497c07.png",
                  "时间/5120702.png",
                  "时间/68c5f97.png",
                  "时间/334d330.png",
                  "时间/21630c8.png",
                  "时间/2d8873b.png",
                  "时间/dcab98f.png",
                  "时间/222c91b.png"
                ]
              }
            },
            "decimalOffsetX": "0",
            "trailingZero": false
          }
        }
      ],
      "bgColor": "#000000",
      "colorGroupTable": [
        {
          "id": "uu2t8n",
          "name": "配色1",
          "color": "#ffffff"
        }
      ],
      "preview": "_preview/样式1亮屏预览图.png"
    }
  ],
  "i18n": {
    "translations": {},
    "locales": []
  },
  "formats": {
    "8479fbe.png": "indexed8",
    "_preview/样式1亮屏预览图.png": "indexed8",
    "_lua/code/shoot/bball.indexed_8.rle.png": "indexed8",
    "_lua/code/shoot/bg.indexed_8.rle.png": "indexed8",
    "_lua/code/shoot/lgoal.indexed_8.rle.png": "indexed8",
    "_lua/code/shoot/rgoal.indexed_8.rle.png": "indexed8",
    "_emptyImage.png": "indexed8",
    "9063f4f.png": "indexed8",
    "fdd0518.png": "indexed8",
    "3019530.png": "indexed8",
    "4685d44.png": "indexed8",
    "0d141e4.png": "indexed8",
    "电量/fd52c80.png": "indexed8",
    "电量/4fb1fa9.png": "indexed8",
    "电量/e522b67.png": "indexed8",
    "电量/93601b6.png": "indexed8",
    "电量/0b10285.png": "indexed8",
    "电量/106133c.png": "indexed8",
    "电量/6bcadac.png": "indexed8",
    "电量/fc1dbd9.png": "indexed8",
    "电量/289bf6f.png": "indexed8",
    "电量/d94b621.png": "indexed8",
    "981d254.png": "indexed8",
    "时间/71c4051.png": "indexed8",
    "时间/0dd177c.png": "indexed8",
    "时间/3497c07.png": "indexed8",
    "时间/5120702.png": "indexed8",
    "时间/68c5f97.png": "indexed8",
    "时间/334d330.png": "indexed8",
    "时间/21630c8.png": "indexed8",
    "时间/2d8873b.png": "indexed8",
    "时间/dcab98f.png": "indexed8",
    "时间/222c91b.png": "indexed8",
    "23661ee.png": "indexed8",
    "日期/f91e591.png": "indexed8",
    "日期/dc27137.png": "indexed8",
    "日期/2b96408.png": "indexed8",
    "日期/0d914c0.png": "indexed8",
    "日期/cb98e0e.png": "indexed8",
    "日期/b854e2f.png": "indexed8",
    "日期/88a440f.png": "indexed8",
    "日期/918ccad.png": "indexed8",
    "日期/8cb4ac7.png": "indexed8",
    "日期/ffd7ef7.png": "indexed8",
    "239dfaf.png": "indexed8",
    "星期/de5a007.png": "indexed8",
    "星期/a7c24e4.png": "indexed8",
    "星期/a6923f5.png": "indexed8",
    "星期/f90342e.png": "indexed8",
    "星期/236c2bb.png": "indexed8",
    "星期/c890b42.png": "indexed8",
    "星期/3b5b4f1.png": "indexed8",
    "星期/efac13f.png": "indexed8",
    "星期/95927f4.png": "indexed8",
    "_lua/code/shoot/b0.indexed_8.rle.png": "indexed8",
    "_lua/code/shoot/b1.indexed_8.rle.png": "indexed8",
    "_lua/code/shoot/b2.indexed_8.rle.png": "indexed8",
    "_lua/code/shoot/b3.indexed_8.rle.png": "indexed8",
    "_lua/code/shoot/b4.indexed_8.rle.png": "indexed8",
    "_lua/code/shoot/b5.indexed_8.rle.png": "indexed8",
    "_lua/code/shoot/b6.indexed_8.rle.png": "indexed8",
    "_lua/code/shoot/b7.indexed_8.rle.png": "indexed8",
    "_lua/code/shoot/b8.indexed_8.rle.png": "indexed8",
    "_lua/code/shoot/b9.indexed_8.rle.png": "indexed8",
    "_lua/code/shoot/back.indexed_8.rle.png": "indexed8",
    "_lua/code/shoot/cup.indexed_8.rle.png": "indexed8",
    "_lua/code/shoot/eclipse.indexed_8.rle.png": "indexed8",
    "_lua/code/shoot/gameover.indexed_8.rle.png": "indexed8",
    "_lua/code/shoot/get_score.indexed_8.rle.png": "indexed8",
    "_lua/code/shoot/lose_num.indexed_8.rle.png": "indexed8",
    "_lua/code/shoot/newrecord.indexed_8.rle.png": "indexed8",
    "_lua/code/shoot/readytoast.indexed_8.rle.png": "indexed8",
    "_lua/code/shoot/restart.indexed_8.rle.png": "indexed8",
    "_lua/code/shoot/sball.indexed_8.rle.png": "indexed8",
    "_lua/code/shoot/sball_gray.indexed_8.rle.png": "indexed8",
    "_lua/code/shoot/score0.indexed_8.rle.png": "indexed8",
    "_lua/code/shoot/score1.indexed_8.rle.png": "indexed8",
    "_lua/code/shoot/score2.indexed_8.rle.png": "indexed8",
    "_lua/code/shoot/score3.indexed_8.rle.png": "indexed8",
    "_lua/code/shoot/score4.indexed_8.rle.png": "indexed8",
    "_lua/code/shoot/score5.indexed_8.rle.png": "indexed8",
    "_lua/code/shoot/score6.indexed_8.rle.png": "indexed8",
    "_lua/code/shoot/score7.indexed_8.rle.png": "indexed8",
    "_lua/code/shoot/score8.indexed_8.rle.png": "indexed8",
    "_lua/code/shoot/score9.indexed_8.rle.png": "indexed8",
    "_lua/code/shoot/score_title.indexed_8.rle.png": "indexed8",
    "_lua/code/shoot/star.indexed_8.rle.png": "indexed8",
    "_lua/code/shoot/tip_again.indexed_8.rle.png": "indexed8",
    "_lua/code/shoot/tip_goal.indexed_8.rle.png": "indexed8"
  }
}