[
	{
		"name": "protocol",
		"type": 1,
		"value": [
			"1.8.11"
		]
	},
	{
		"name": "resolution",
		"type": 2,
		"value": [
			"XMHD05"
		]
	},
	{
		"name": "region",
		"type": 2,
		"value": [
			"CN"
		]
	},
	{
		"name": "packet",
		"type": 2,
		"value": [
			"BIN"
		]
	},
	{
		"name": "image_compress",
		"type": 3,
		"value": [
			"1"
		]
	},
	{
		"name": "image_fmt",
		"type": 3,
		"value": [
			"00000000000000001"
		]
	},
	{
		"name": "data_source",
		"type": 3,
		"value": [
			"01001100000000000000000000000000,00000000000000000000000000000000,00000000000000000000000000000000,00000000000000000000000000000000,00000000000000000000000000000000,0000000001"
		]
	}
]