<?xml version="1.0" encoding="utf-8"?>
<watch>
	<shape>run</shape>
	<name>拳力挑战</name>
	<deviceType>N66</deviceType>
	<version>1.0.0</version>
	<size>192x490</size>
	<author>小米</author>
	<pkgName>120917345187</pkgName>
	<imageFormat>indexed8</imageFormat>
	<imageCompression>false</imageCompression>
	<editorVersion>1.0.0</editorVersion>
	<webVersionCreatedAt>2024-07-09T11:02:27+08:00</webVersionCreatedAt>
	<editorVersionCreatedAt>1.0.0</editorVersionCreatedAt>
	<webVersionUpdatedAt>2024-07-31T19:54:22+08:00</webVersionUpdatedAt>
	<editorVersionUpdatedAt>1.0.0</editorVersionUpdatedAt>
	<_recolorEnable>false</_recolorEnable>
	<temperatureUnitType>system</temperatureUnitType>
	<_id>fc3cb855d38f4613158958f6417311be</_id>
	<imageArrayRamMethod>whole</imageArrayRamMethod>
</watch>