{
  "themes": [
    {
      "id": "jrdcxb",
      "name": "样式1",
      "type": "normal",
      "children": [
        {
          "id": "1d723t",
          "type": "Image",
          "attrs": {
            "sourceEnabled": false,
            "valueStart": 0,
            "valueEnd": 0,
            "angleStart": 0,
            "angleEnd": 360,
            "recolorEnable": true,
            "x": 0,
            "y": 0,
            "w": 192,
            "h": 490,
            "rotation": 0,
            "name": "bg",
            "showImgFormat": false,
            "_visibility": true,
            "_isLocked": false,
            "pointerFps": 1,
            "pointerRegionNum": 0,
            "shadowPointerOffsetY": 0,
            "resources": {
              "pointer0": {
                "de4vi4": [
                  "000b1bd.png"
                ]
              }
            }
          }
        },
        {
          "id": "q0plw9",
          "type": "JsFile",
          "attrs": {
            "sourceEnabled": false,
            "valueStart": 0,
            "valueEnd": 0,
            "angleStart": 0,
            "angleEnd": 360,
            "recolorEnable": true,
            "x": 6,
            "y": 351,
            "w": 182,
            "h": 96,
            "rotation": 0,
            "name": "JS/LUA程序1",
            "showImgFormat": false,
            "_visibility": true,
            "_isLocked": false,
            "resources": {
              "jsPreview": {
                "de4vi4": [
                  "1927199.png"
                ]
              }
            },
            "jsFilename": "_lua/code/superman.lua",
            "jsImgNames": [
              "_lua/code/phistoryData.txt",
              "_lua/code/shistoryData.txt",
              "_lua/code/superman/0.rle",
              "_lua/code/superman/1.rle",
              "_lua/code/superman/10.rle",
              "_lua/code/superman/2.rle",
              "_lua/code/superman/3.rle",
              "_lua/code/superman/4.rle",
              "_lua/code/superman/5.rle",
              "_lua/code/superman/6.rle",
              "_lua/code/superman/7.rle",
              "_lua/code/superman/8.rle",
              "_lua/code/superman/9.rle",
              "_lua/code/superman/begin.rle",
              "_lua/code/superman/begin2.rle",
              "_lua/code/superman/bg.rle",
              "_lua/code/superman/databg.rle",
              "_lua/code/superman/excellent.rle",
              "_lua/code/superman/explain.rle",
              "_lua/code/superman/explainbg.rle",
              "_lua/code/superman/filebg.rle",
              "_lua/code/superman/go.rle",
              "_lua/code/superman/history.rle",
              "_lua/code/superman/historybg.rle",
              "_lua/code/superman/medium.rle",
              "_lua/code/superman/newrecord.bin",
              "_lua/code/superman/nobg.rle",
              "_lua/code/superman/recur.rle",
              "_lua/code/superman/small.rle",
              "_lua/code/superman/t1.rle",
              "_lua/code/superman/t2.rle",
              "_lua/code/superman/t3.rle",
              "_lua/code/superman/timerbg.rle"
            ]
          }
        },
        {
          "id": "7nxgrr",
          "type": "ImageArray",
          "attrs": {
            "sourceEnabled": true,
            "source": "systemStatusBattery",
            "valueStart": 0,
            "valueEnd": 100,
            "angleStart": 0,
            "angleEnd": 360,
            "recolorEnable": true,
            "x": 90,
            "y": 30,
            "w": 20,
            "h": 30,
            "rotation": 350,
            "name": "图组",
            "showImgFormat": false,
            "_visibility": true,
            "_isLocked": false,
            "fillType": "数字填充",
            "align": "center",
            "space": -1,
            "widgetSpace": 0,
            "sourceProgressAccuracy": 10,
            "sourceWeatherType": "whole",
            "sourceFormat": 3,
            "sourceHourMode": "system",
            "resources": {
              "images": {
                "de4vi4": [
                  "资源/3e24c5d.png",
                  "资源/9901244.png",
                  "资源/0cfb6f9.png",
                  "资源/ef2cfbe.png",
                  "资源/7ee31e6.png",
                  "资源/c33a799.png",
                  "资源/4138301.png",
                  "资源/16585e7.png",
                  "资源/dc8c5a7.png",
                  "资源/70a7ee2.png"
                ]
              },
              "unitIcon": {
                "de4vi4": [
                  "b59b8dc.png"
                ]
              }
            },
            "decimalOffsetX": "0",
            "trailingZero": false
          }
        },
        {
          "id": "vct3ji",
          "type": "ImageArray",
          "attrs": {
            "sourceEnabled": true,
            "source": "timeHourHigh",
            "valueStart": 0,
            "valueEnd": 2,
            "angleStart": 0,
            "angleEnd": 360,
            "recolorEnable": true,
            "x": 2,
            "y": 94,
            "w": 48,
            "h": 76,
            "rotation": 0,
            "name": "图组1",
            "showImgFormat": false,
            "_visibility": true,
            "_isLocked": false,
            "fillType": "普通填充",
            "align": "left",
            "space": 0,
            "widgetSpace": 0,
            "sourceProgressAccuracy": 10,
            "sourceWeatherType": "whole",
            "sourceHourMode": "system",
            "resources": {
              "images": {
                "de4vi4": [
                  "资源/c3f1a31.png",
                  "资源/4f144b7.png",
                  "资源/36301a2.png"
                ]
              }
            },
            "decimalOffsetX": "0",
            "trailingZero": false
          }
        },
        {
          "id": "zva7lk",
          "type": "ImageArray",
          "attrs": {
            "sourceEnabled": true,
            "source": "timeHourLow",
            "valueStart": 0,
            "valueEnd": 9,
            "angleStart": 0,
            "angleEnd": 360,
            "recolorEnable": true,
            "x": 42,
            "y": 85,
            "w": 48,
            "h": 76,
            "rotation": 0,
            "name": "图组2",
            "showImgFormat": false,
            "_visibility": true,
            "_isLocked": false,
            "fillType": "普通填充",
            "align": "left",
            "space": 0,
            "widgetSpace": 0,
            "sourceProgressAccuracy": 10,
            "sourceWeatherType": "whole",
            "sourceHourMode": "system",
            "resources": {
              "images": {
                "de4vi4": [
                  "资源/c3f1a31.png",
                  "资源/4f144b7.png",
                  "资源/36301a2.png",
                  "资源/f44afe9.png",
                  "资源/a07fc62.png",
                  "资源/eb893bf.png",
                  "资源/37dd34c.png",
                  "资源/30f1a0f.png",
                  "资源/d112505.png",
                  "资源/ab82495.png"
                ]
              }
            },
            "decimalOffsetX": "0",
            "trailingZero": false
          }
        },
        {
          "id": "z9b0go",
          "type": "Image",
          "attrs": {
            "sourceEnabled": false,
            "valueStart": 0,
            "valueEnd": 0,
            "angleStart": 0,
            "angleEnd": 360,
            "recolorEnable": true,
            "x": 78,
            "y": 77,
            "w": 32,
            "h": 76,
            "rotation": 0,
            "name": "tt",
            "showImgFormat": false,
            "_visibility": true,
            "_isLocked": false,
            "pointerFps": 1,
            "pointerRegionNum": 0,
            "shadowPointerOffsetY": 0,
            "resources": {
              "pointer0": {
                "de4vi4": [
                  "8fd976d.png"
                ]
              }
            }
          }
        },
        {
          "id": "1jgxod",
          "type": "ImageArray",
          "attrs": {
            "sourceEnabled": true,
            "source": "timeMinuteHigh",
            "valueStart": 0,
            "valueEnd": 5,
            "angleStart": 0,
            "angleEnd": 360,
            "recolorEnable": true,
            "x": 100,
            "y": 70,
            "w": 48,
            "h": 76,
            "rotation": 0,
            "name": "图组3",
            "showImgFormat": false,
            "_visibility": true,
            "_isLocked": false,
            "fillType": "普通填充",
            "align": "left",
            "space": 0,
            "widgetSpace": 0,
            "sourceProgressAccuracy": 10,
            "sourceWeatherType": "whole",
            "sourceHourMode": "system",
            "resources": {
              "images": {
                "de4vi4": [
                  "资源/c3f1a31.png",
                  "资源/4f144b7.png",
                  "资源/36301a2.png",
                  "资源/f44afe9.png",
                  "资源/a07fc62.png",
                  "资源/eb893bf.png"
                ]
              }
            },
            "decimalOffsetX": "0",
            "trailingZero": false
          }
        },
        {
          "id": "8js8zi",
          "type": "ImageArray",
          "attrs": {
            "sourceEnabled": true,
            "source": "timeMinuteLow",
            "valueStart": 0,
            "valueEnd": 9,
            "angleStart": 0,
            "angleEnd": 360,
            "recolorEnable": true,
            "x": 140,
            "y": 61,
            "w": 48,
            "h": 76,
            "rotation": 0,
            "name": "图组4",
            "showImgFormat": false,
            "_visibility": true,
            "_isLocked": false,
            "fillType": "普通填充",
            "align": "left",
            "space": 0,
            "widgetSpace": 0,
            "sourceProgressAccuracy": 10,
            "sourceWeatherType": "whole",
            "sourceHourMode": "system",
            "resources": {
              "images": {
                "de4vi4": [
                  "资源/c3f1a31.png",
                  "资源/4f144b7.png",
                  "资源/36301a2.png",
                  "资源/f44afe9.png",
                  "资源/a07fc62.png",
                  "资源/eb893bf.png",
                  "资源/37dd34c.png",
                  "资源/30f1a0f.png",
                  "资源/d112505.png",
                  "资源/ab82495.png"
                ]
              }
            },
            "decimalOffsetX": "0",
            "trailingZero": false
          }
        }
      ],
      "bgColor": "#000000",
      "colorGroupTable": [
        {
          "id": "de4vi4",
          "name": "配色1",
          "color": "#ffffff"
        }
      ],
      "preview": "_preview/样式1亮屏预览图.png"
    }
  ],
  "i18n": {
    "translations": {},
    "locales": []
  },
  "formats": {
    "dafd445.png": "indexed8",
    "_lua/267260202/superman/0.indexed_8.rle.png": "indexed8",
    "_lua/267260202/superman/1.indexed_8.rle.png": "indexed8",
    "_lua/267260202/superman/10.indexed_8.rle.png": "indexed8",
    "_lua/267260202/superman/2.indexed_8.rle.png": "indexed8",
    "_lua/267260202/superman/3.indexed_8.rle.png": "indexed8",
    "_preview/样式1亮屏预览图.png": "indexed8",
    "_lua/267260202/superman/4.indexed_8.rle.png": "indexed8",
    "_lua/267260202/superman/5.indexed_8.rle.png": "indexed8",
    "_lua/267260202/superman/6.indexed_8.rle.png": "indexed8",
    "_lua/267260202/superman/7.indexed_8.rle.png": "indexed8",
    "_lua/267260202/superman/8.indexed_8.rle.png": "indexed8",
    "_lua/267260202/superman/9.indexed_8.rle.png": "indexed8",
    "_lua/267260202/superman/begin.indexed_8.rle.png": "indexed8",
    "_lua/267260202/superman/begin2.indexed_8.rle.png": "indexed8",
    "_lua/267260202/superman/bg.indexed_8.rle.png": "indexed8",
    "_lua/267260202/superman/databg.indexed_8.rle.png": "indexed8",
    "_lua/267260202/superman/excellent.indexed_8.rle.png": "indexed8",
    "_lua/267260202/superman/explain.indexed_8.rle.png": "indexed8",
    "_lua/267260202/superman/explainbg.indexed_8.rle.png": "indexed8",
    "_lua/267260202/superman/filebg.indexed_8.rle.png": "indexed8",
    "_lua/267260202/superman/go.indexed_8.rle.png": "indexed8",
    "_lua/267260202/superman/history.indexed_8.rle.png": "indexed8",
    "_lua/267260202/superman/historybg.indexed_8.rle.png": "indexed8",
    "_lua/267260202/superman/launcher.indexed_8.png": "indexed8",
    "_lua/267260202/superman/medium.indexed_8.rle.png": "indexed8",
    "_lua/267260202/superman/nobg.indexed_8.rle.png": "indexed8",
    "_lua/267260202/superman/recur.indexed_8.rle.png": "indexed8",
    "_lua/267260202/superman/small.indexed_8.rle.png": "indexed8",
    "_lua/267260202/superman/t1.indexed_8.rle.png": "indexed8",
    "_lua/267260202/superman/t2.indexed_8.rle.png": "indexed8",
    "_lua/267260202/superman/t3.indexed_8.rle.png": "indexed8",
    "_lua/267260202/superman/timerbg.indexed_8.rle.png": "indexed8",
    "000b1bd.png": "indexed8",
    "1927199.png": "indexed8",
    "资源/3e24c5d.png": "indexed8",
    "资源/9901244.png": "indexed8",
    "资源/0cfb6f9.png": "indexed8",
    "资源/ef2cfbe.png": "indexed8",
    "资源/7ee31e6.png": "indexed8",
    "资源/c33a799.png": "indexed8",
    "资源/4138301.png": "indexed8",
    "资源/16585e7.png": "indexed8",
    "资源/dc8c5a7.png": "indexed8",
    "资源/70a7ee2.png": "indexed8",
    "b59b8dc.png": "indexed8",
    "资源/653a482.png": "argb8888",
    "资源/dafade4.png": "argb8888",
    "资源/19c4b9e.png": "argb8888",
    "资源/4f4849c.png": "argb8888",
    "资源/a4d72e5.png": "argb8888",
    "资源/075ac67.png": "argb8888",
    "资源/13cf73e.png": "argb8888",
    "资源/4c829ca.png": "argb8888",
    "资源/d90d5a5.png": "argb8888",
    "资源/728181d.png": "argb8888",
    "5958960.png": "argb8888",
    "资源/c3f1a31.png": "indexed8",
    "资源/4f144b7.png": "indexed8",
    "资源/36301a2.png": "indexed8",
    "资源/f44afe9.png": "indexed8",
    "资源/a07fc62.png": "indexed8",
    "资源/eb893bf.png": "indexed8",
    "资源/37dd34c.png": "indexed8",
    "资源/30f1a0f.png": "indexed8",
    "资源/d112505.png": "indexed8",
    "资源/ab82495.png": "indexed8",
    "8fd976d.png": "indexed8",
    "_lua/code/superman/0.indexed_8.rle.png": "indexed8",
    "_lua/code/superman/1.indexed_8.rle.png": "indexed8",
    "_lua/code/superman/10.indexed_8.rle.png": "indexed8",
    "_lua/code/superman/2.indexed_8.rle.png": "indexed8",
    "_lua/code/superman/3.indexed_8.rle.png": "indexed8",
    "_lua/code/superman/4.indexed_8.rle.png": "indexed8",
    "_lua/code/superman/5.indexed_8.rle.png": "indexed8",
    "_lua/code/superman/6.indexed_8.rle.png": "indexed8",
    "_lua/code/superman/7.indexed_8.rle.png": "indexed8",
    "_lua/code/superman/8.indexed_8.rle.png": "indexed8",
    "_lua/code/superman/9.indexed_8.rle.png": "indexed8",
    "_lua/code/superman/begin.indexed_8.rle.png": "indexed8",
    "_lua/code/superman/begin2.indexed_8.rle.png": "indexed8",
    "_lua/code/superman/bg.indexed_8.rle.png": "indexed8",
    "_lua/code/superman/databg.indexed_8.rle.png": "indexed8",
    "_lua/code/superman/excellent.indexed_8.rle.png": "indexed8",
    "_lua/code/superman/explain.indexed_8.rle.png": "indexed8",
    "_lua/code/superman/explainbg.indexed_8.rle.png": "indexed8",
    "_lua/code/superman/filebg.indexed_8.rle.png": "indexed8",
    "_lua/code/superman/go.indexed_8.rle.png": "indexed8",
    "_lua/code/superman/history.indexed_8.rle.png": "indexed8",
    "_lua/code/superman/historybg.indexed_8.rle.png": "indexed8",
    "_lua/code/superman/medium.indexed_8.rle.png": "indexed8",
    "_lua/code/superman/newrecord.indexed_8.png": "indexed8",
    "_lua/code/superman/nobg.indexed_8.rle.png": "indexed8",
    "_lua/code/superman/recur.indexed_8.rle.png": "indexed8",
    "_lua/code/superman/small.indexed_8.rle.png": "indexed8",
    "_lua/code/superman/t1.indexed_8.rle.png": "indexed8",
    "_lua/code/superman/t2.indexed_8.rle.png": "indexed8",
    "_lua/code/superman/t3.indexed_8.rle.png": "indexed8",
    "_lua/code/superman/timerbg.indexed_8.rle.png": "indexed8"
  }
}