<?xml version="1.0" encoding="utf-8"?>
<Watchface name="拳力挑战" width="192" height="490" id="120917345187" SKU="false" compressMethod="None" editable="false">
    <Resources>
        <Image name="Image1" src="_preview/样式1亮屏预览图.png" compressMethod="None" format="indexed8"/>
        <Image name="Image2" src="000b1bd.png" compressMethod="None" format="indexed8"/>
        <Image name="Image3" src="1927199.png" compressMethod="None" format="indexed8"/>
        <Image name="Image4" src="b59b8dc.png" compressMethod="None" format="indexed8"/>
        <Image name="Image5" src="8fd976d.png" compressMethod="None" format="indexed8"/>
        <ImageArray name="ImageArray1" compressMethod="None" format="indexed8">
            <Image src="资源/3e24c5d.png"/>
            <Image src="资源/9901244.png"/>
            <Image src="资源/0cfb6f9.png"/>
            <Image src="资源/ef2cfbe.png"/>
            <Image src="资源/7ee31e6.png"/>
            <Image src="资源/c33a799.png"/>
            <Image src="资源/4138301.png"/>
            <Image src="资源/16585e7.png"/>
            <Image src="资源/dc8c5a7.png"/>
            <Image src="资源/70a7ee2.png"/>
        </ImageArray>
        <ImageArray name="ImageArray2" compressMethod="None" format="indexed8">
            <Image src="资源/c3f1a31.png"/>
            <Image src="资源/4f144b7.png"/>
            <Image src="资源/36301a2.png"/>
        </ImageArray>
        <ImageArray name="ImageArray3" compressMethod="None" format="indexed8">
            <Image src="资源/c3f1a31.png"/>
            <Image src="资源/4f144b7.png"/>
            <Image src="资源/36301a2.png"/>
            <Image src="资源/f44afe9.png"/>
            <Image src="资源/a07fc62.png"/>
            <Image src="资源/eb893bf.png"/>
            <Image src="资源/37dd34c.png"/>
            <Image src="资源/30f1a0f.png"/>
            <Image src="资源/d112505.png"/>
            <Image src="资源/ab82495.png"/>
        </ImageArray>
        <ImageArray name="ImageArray4" compressMethod="None" format="indexed8">
            <Image src="资源/c3f1a31.png"/>
            <Image src="资源/4f144b7.png"/>
            <Image src="资源/36301a2.png"/>
            <Image src="资源/f44afe9.png"/>
            <Image src="资源/a07fc62.png"/>
            <Image src="资源/eb893bf.png"/>
        </ImageArray>
        <File fileName="_lua/code/superman.lua" name="_lua/code/superman.lua" preview="@Image3"/>
        <Widget name="Widget1" widgetName="JS/LUA程序1" w="182" h="96" jumpApp="luaApplication" args="@_lua/code/superman.lua">
            <Item x="0" y="0" ref="@Image3"/>
        </Widget>
        <File fileName="_lua/code/phistoryData.txt" name="_lua/code/phistoryData.txt"/>
        <File fileName="_lua/code/shistoryData.txt" name="_lua/code/shistoryData.txt"/>
        <File fileName="_lua/code/superman/0.rle" name="_lua/code/superman/0.rle"/>
        <File fileName="_lua/code/superman/1.rle" name="_lua/code/superman/1.rle"/>
        <File fileName="_lua/code/superman/10.rle" name="_lua/code/superman/10.rle"/>
        <File fileName="_lua/code/superman/2.rle" name="_lua/code/superman/2.rle"/>
        <File fileName="_lua/code/superman/3.rle" name="_lua/code/superman/3.rle"/>
        <File fileName="_lua/code/superman/4.rle" name="_lua/code/superman/4.rle"/>
        <File fileName="_lua/code/superman/5.rle" name="_lua/code/superman/5.rle"/>
        <File fileName="_lua/code/superman/6.rle" name="_lua/code/superman/6.rle"/>
        <File fileName="_lua/code/superman/7.rle" name="_lua/code/superman/7.rle"/>
        <File fileName="_lua/code/superman/8.rle" name="_lua/code/superman/8.rle"/>
        <File fileName="_lua/code/superman/9.rle" name="_lua/code/superman/9.rle"/>
        <File fileName="_lua/code/superman/begin.rle" name="_lua/code/superman/begin.rle"/>
        <File fileName="_lua/code/superman/begin2.rle" name="_lua/code/superman/begin2.rle"/>
        <File fileName="_lua/code/superman/bg.rle" name="_lua/code/superman/bg.rle"/>
        <File fileName="_lua/code/superman/databg.rle" name="_lua/code/superman/databg.rle"/>
        <File fileName="_lua/code/superman/excellent.rle" name="_lua/code/superman/excellent.rle"/>
        <File fileName="_lua/code/superman/explain.rle" name="_lua/code/superman/explain.rle"/>
        <File fileName="_lua/code/superman/explainbg.rle" name="_lua/code/superman/explainbg.rle"/>
        <File fileName="_lua/code/superman/filebg.rle" name="_lua/code/superman/filebg.rle"/>
        <File fileName="_lua/code/superman/go.rle" name="_lua/code/superman/go.rle"/>
        <File fileName="_lua/code/superman/history.rle" name="_lua/code/superman/history.rle"/>
        <File fileName="_lua/code/superman/historybg.rle" name="_lua/code/superman/historybg.rle"/>
        <File fileName="_lua/code/superman/medium.rle" name="_lua/code/superman/medium.rle"/>
        <File fileName="_lua/code/superman/newrecord.bin" name="_lua/code/superman/newrecord.bin"/>
        <File fileName="_lua/code/superman/nobg.rle" name="_lua/code/superman/nobg.rle"/>
        <File fileName="_lua/code/superman/recur.rle" name="_lua/code/superman/recur.rle"/>
        <File fileName="_lua/code/superman/small.rle" name="_lua/code/superman/small.rle"/>
        <File fileName="_lua/code/superman/t1.rle" name="_lua/code/superman/t1.rle"/>
        <File fileName="_lua/code/superman/t2.rle" name="_lua/code/superman/t2.rle"/>
        <File fileName="_lua/code/superman/t3.rle" name="_lua/code/superman/t3.rle"/>
        <File fileName="_lua/code/superman/timerbg.rle" name="_lua/code/superman/timerbg.rle"/>
        <DataItemImageNumber name="ImageNumber1" source="systemStatusBattery" ref="@ImageArray1" rotation="350" supportRecolor="false" unitIcon="@Image4" leadingZero="false" decimalOffsetX="0" totalDigits="3" decimalDigits="0" trailingZero="false" parameter="1000" renderRule="alwaysShow" align="center" space="-1"/>
        <DataItemImageValues name="ImageValues1" source="timeHourHigh" ref="@ImageArray2" rotation="0" supportRecolor="false"/>
        <DataItemImageValues name="ImageValues2" source="timeHourLow" ref="@ImageArray3" rotation="0" supportRecolor="false"/>
        <DataItemImageValues name="ImageValues3" source="timeMinuteHigh" ref="@ImageArray4" rotation="0" supportRecolor="false"/>
        <DataItemImageValues name="ImageValues4" source="timeMinuteLow" ref="@ImageArray3" rotation="0" supportRecolor="false"/>
    </Resources>
    <Theme type="normal" name="样式1" bgColor="#000000" isPhotoAlbumWatchface="false" preview="@Image1">
        <Layout ref="@Image2" x="0" y="0"/>
        <Layout ref="@Widget1" x="6" y="351"/>
        <Layout ref="@ImageNumber1" x="90" y="30"/>
        <Layout ref="@ImageValues1" x="2" y="94"/>
        <Layout ref="@ImageValues2" x="42" y="85"/>
        <Layout ref="@Image5" x="78" y="77"/>
        <Layout ref="@ImageValues3" x="100" y="70"/>
        <Layout ref="@ImageValues4" x="140" y="61"/>
    </Theme>
</Watchface>