<?xml version="1.0" encoding="utf-8"?>
<Watchface name="射门达人" width="192" height="490" id="120917345585" SKU="false" compressMethod="None" editable="false">
    <Resources>
        <Image name="Image1" src="_preview/样式1亮屏预览图.png" compressMethod="None" format="indexed8"/>
        <Image name="Image2" src="3019530.png" compressMethod="None" format="indexed8"/>
        <Image name="Image3" src="4685d44.png" compressMethod="None" format="indexed8"/>
        <Image name="Image4" src="0d141e4.png" compressMethod="None" format="indexed8"/>
        <Image name="Image5" src="981d254.png" compressMethod="None" format="indexed8"/>
        <Image name="Image6" src="23661ee.png" compressMethod="None" format="indexed8"/>
        <Image name="Image7" src="239dfaf.png" compressMethod="None" format="indexed8"/>
        <ImageArray name="ImageArray1" compressMethod="None" format="indexed8">
            <Image src="电量/4fb1fa9.png"/>
            <Image src="电量/e522b67.png"/>
            <Image src="电量/93601b6.png"/>
            <Image src="电量/0b10285.png"/>
            <Image src="电量/106133c.png"/>
            <Image src="电量/6bcadac.png"/>
            <Image src="电量/fc1dbd9.png"/>
            <Image src="电量/289bf6f.png"/>
            <Image src="电量/fd52c80.png"/>
            <Image src="电量/d94b621.png"/>
        </ImageArray>
        <ImageArray name="ImageArray2" compressMethod="None" format="indexed8">
            <Image src="时间/71c4051.png"/>
            <Image src="时间/0dd177c.png"/>
            <Image src="时间/3497c07.png"/>
            <Image src="时间/5120702.png"/>
            <Image src="时间/68c5f97.png"/>
            <Image src="时间/334d330.png"/>
            <Image src="时间/21630c8.png"/>
            <Image src="时间/2d8873b.png"/>
            <Image src="时间/dcab98f.png"/>
            <Image src="时间/222c91b.png"/>
        </ImageArray>
        <ImageArray name="ImageArray3" compressMethod="None" format="indexed8">
            <Image src="日期/dc27137.png"/>
            <Image src="日期/2b96408.png"/>
            <Image src="日期/0d914c0.png"/>
            <Image src="日期/cb98e0e.png"/>
            <Image src="日期/b854e2f.png"/>
            <Image src="日期/88a440f.png"/>
            <Image src="日期/918ccad.png"/>
            <Image src="日期/8cb4ac7.png"/>
            <Image src="日期/ffd7ef7.png"/>
            <Image src="日期/f91e591.png"/>
        </ImageArray>
        <ImageArray name="ImageArray4" compressMethod="None" format="indexed8">
            <Image src="星期/de5a007.png"/>
            <Image src="星期/a7c24e4.png"/>
        </ImageArray>
        <ImageArray name="ImageArray5" compressMethod="None" format="indexed8">
            <Image src="星期/efac13f.png"/>
            <Image src="星期/a6923f5.png"/>
            <Image src="星期/f90342e.png"/>
            <Image src="星期/236c2bb.png"/>
            <Image src="星期/c890b42.png"/>
            <Image src="星期/3b5b4f1.png"/>
            <Image src="星期/95927f4.png"/>
        </ImageArray>
        <File fileName="_lua/code/shoot.lua" name="_lua/code/shoot.lua" preview="@Image3"/>
        <Widget name="Widget1" widgetName="JS/LUA程序1" w="120" h="60" jumpApp="luaApplication" args="@_lua/code/shoot.lua">
            <Item x="0" y="0" ref="@Image3"/>
        </Widget>
        <File fileName="_lua/code/historyData.txt" name="_lua/code/historyData.txt"/>
        <File fileName="_lua/code/shoot/b0.rle" name="_lua/code/shoot/b0.rle"/>
        <File fileName="_lua/code/shoot/b1.rle" name="_lua/code/shoot/b1.rle"/>
        <File fileName="_lua/code/shoot/b2.rle" name="_lua/code/shoot/b2.rle"/>
        <File fileName="_lua/code/shoot/b3.rle" name="_lua/code/shoot/b3.rle"/>
        <File fileName="_lua/code/shoot/b4.rle" name="_lua/code/shoot/b4.rle"/>
        <File fileName="_lua/code/shoot/b5.rle" name="_lua/code/shoot/b5.rle"/>
        <File fileName="_lua/code/shoot/b6.rle" name="_lua/code/shoot/b6.rle"/>
        <File fileName="_lua/code/shoot/b7.rle" name="_lua/code/shoot/b7.rle"/>
        <File fileName="_lua/code/shoot/b8.rle" name="_lua/code/shoot/b8.rle"/>
        <File fileName="_lua/code/shoot/b9.rle" name="_lua/code/shoot/b9.rle"/>
        <File fileName="_lua/code/shoot/back.rle" name="_lua/code/shoot/back.rle"/>
        <File fileName="_lua/code/shoot/bball.rle" name="_lua/code/shoot/bball.rle"/>
        <File fileName="_lua/code/shoot/bg.rle" name="_lua/code/shoot/bg.rle"/>
        <File fileName="_lua/code/shoot/cup.rle" name="_lua/code/shoot/cup.rle"/>
        <File fileName="_lua/code/shoot/eclipse.rle" name="_lua/code/shoot/eclipse.rle"/>
        <File fileName="_lua/code/shoot/gameover.rle" name="_lua/code/shoot/gameover.rle"/>
        <File fileName="_lua/code/shoot/get_score.rle" name="_lua/code/shoot/get_score.rle"/>
        <File fileName="_lua/code/shoot/lgoal.rle" name="_lua/code/shoot/lgoal.rle"/>
        <File fileName="_lua/code/shoot/lose_num.rle" name="_lua/code/shoot/lose_num.rle"/>
        <File fileName="_lua/code/shoot/newrecord.rle" name="_lua/code/shoot/newrecord.rle"/>
        <File fileName="_lua/code/shoot/readytoast.rle" name="_lua/code/shoot/readytoast.rle"/>
        <File fileName="_lua/code/shoot/restart.rle" name="_lua/code/shoot/restart.rle"/>
        <File fileName="_lua/code/shoot/rgoal.rle" name="_lua/code/shoot/rgoal.rle"/>
        <File fileName="_lua/code/shoot/sball.rle" name="_lua/code/shoot/sball.rle"/>
        <File fileName="_lua/code/shoot/sball_gray.rle" name="_lua/code/shoot/sball_gray.rle"/>
        <File fileName="_lua/code/shoot/score0.rle" name="_lua/code/shoot/score0.rle"/>
        <File fileName="_lua/code/shoot/score1.rle" name="_lua/code/shoot/score1.rle"/>
        <File fileName="_lua/code/shoot/score2.rle" name="_lua/code/shoot/score2.rle"/>
        <File fileName="_lua/code/shoot/score3.rle" name="_lua/code/shoot/score3.rle"/>
        <File fileName="_lua/code/shoot/score4.rle" name="_lua/code/shoot/score4.rle"/>
        <File fileName="_lua/code/shoot/score5.rle" name="_lua/code/shoot/score5.rle"/>
        <File fileName="_lua/code/shoot/score6.rle" name="_lua/code/shoot/score6.rle"/>
        <File fileName="_lua/code/shoot/score7.rle" name="_lua/code/shoot/score7.rle"/>
        <File fileName="_lua/code/shoot/score8.rle" name="_lua/code/shoot/score8.rle"/>
        <File fileName="_lua/code/shoot/score9.rle" name="_lua/code/shoot/score9.rle"/>
        <File fileName="_lua/code/shoot/score_title.rle" name="_lua/code/shoot/score_title.rle"/>
        <File fileName="_lua/code/shoot/star.rle" name="_lua/code/shoot/star.rle"/>
        <File fileName="_lua/code/shoot/tip_again.rle" name="_lua/code/shoot/tip_again.rle"/>
        <File fileName="_lua/code/shoot/tip_goal.rle" name="_lua/code/shoot/tip_goal.rle"/>
        <DataItemImageNumber name="ImageNumber1" source="systemStatusBattery" ref="@ImageArray1" rotation="0" supportRecolor="false" unitIcon="@Image5" leadingZero="false" decimalOffsetX="0" totalDigits="3" decimalDigits="0" trailingZero="false" parameter="1000" renderRule="alwaysShow" align="left" space="0"/>
        <Widget name="Widget2" widgetName="电量" groupType="general" jumpApp="settings" w="192" h="30" flex_direction="row" justify_content="center" align_items="center" align_content="center" gap="1">
            <Item ref="@Image4"/>
            <Item ref="@ImageNumber1"/>
        </Widget>
        <DataItemImageNumber name="ImageNumber2" source="timeHour" ref="@ImageArray2" rotation="0" supportRecolor="false" unitIcon="" leadingZero="true" decimalOffsetX="0" totalDigits="2" decimalDigits="0" trailingZero="false" parameter="1000" renderRule="alwaysShow" align="left" space="0"/>
        <DataItemImageNumber name="ImageNumber3" source="dateMonth" ref="@ImageArray3" rotation="0" leadingZero="true" decimalOffsetX="0" trailingZero="false" totalDigits="2" decimalDigits="0" supportRecolor="false" parameter="1000" renderRule="alwaysShow" align="left" space="0"/>
        <DataItemImageNumber name="ImageNumber4" source="dateDay" ref="@ImageArray3" rotation="0" leadingZero="true" decimalOffsetX="0" trailingZero="false" totalDigits="2" decimalDigits="0" supportRecolor="false" parameter="1000" renderRule="alwaysShow" align="left" space="0"/>
        <Widget name="Widget3" flex_direction="row" justify_content="flex-start" align_items="center" gap="0" w="65" h="30">
            <Item ref="@ImageNumber3" x="11" y="210"/>
            <Item ref="@Image7" x="11" y="210"/>
            <Item ref="@ImageNumber4" x="11" y="210"/>
        </Widget>
        <DataItemImageValues name="ImageValues1" source="miscIsPM" ref="@ImageArray4" rotation="0" supportRecolor="false"/>
        <DataItemImageValues name="ImageValues2" source="dateWeek" ref="@ImageArray5" rotation="0" supportRecolor="false"/>
        <DataItemImageNumber name="ImageNumber5" source="timeMinute" ref="@ImageArray2" rotation="0" supportRecolor="false" unitIcon="" leadingZero="true" decimalOffsetX="0" totalDigits="2" decimalDigits="0" trailingZero="false" parameter="1000" renderRule="alwaysShow" align="left" space="0"/>
    </Resources>
    <Theme type="normal" name="样式1" bgColor="#000000" isPhotoAlbumWatchface="false" preview="@Image1">
        <Layout ref="@Image2" x="0" y="0"/>
        <Layout ref="@Widget1" x="36" y="410"/>
        <Layout ref="@Widget2" x="0" y="32"/>
        <Layout ref="@ImageNumber2" x="8" y="107"/>
        <Layout ref="@Widget3" x="11" y="210"/>
        <Layout ref="@ImageValues1" x="82" y="209"/>
        <Layout ref="@ImageValues2" x="138" y="210"/>
        <Layout ref="@Image6" x="83" y="107"/>
        <Layout ref="@ImageNumber5" x="108" y="107"/>
    </Theme>
</Watchface>