<?xml version="1.0" encoding="utf-8"?>
<Watchface name="复古拼贴" width="192" height="490" id="366150010" SKU="false">
    <Resources>
        <Image name="Image1" src="_preview/67ecd3e.png" compressMethod="None" format="indexed8"/>
        <Image name="Image2" src="Group 427322206_945a391e-62c7-4b5e-8854-ae52f81594fb.png" compressMethod="None" format="indexed8"/>
        <Image name="Image3" src="Group 427322222_704ba5c8-f599-4fef-b75c-e59d7da116eb.png" compressMethod="None" format="indexed8"/>
        <Image name="Image4" src="_preview/bf3f3c3.png" compressMethod="None" format="indexed8"/>
        <ImageArray name="ImageArray1" compressMethod="None" format="indexed8">
            <Image src="1_a8c1e2af-af5f-4018-bcf8-50dd679c8ce1.png"/>
            <Image src="2_a88fb1ed-620c-4e15-a5e1-c6b639292f84.png"/>
            <Image src="3_1027629a-c6fc-4ea7-9d68-17fc63776c0c.png"/>
            <Image src="4_cb188995-81a8-4354-a43a-3ceed685eb30.png"/>
            <Image src="5_fe59d3ae-b8a7-47e5-b9cd-3e11dad86406.png"/>
            <Image src="6_f95f5ac6-ca76-4f81-a9ef-b1ade56acef7.png"/>
            <Image src="7_b5e5ee55-de51-4ff3-bf49-5bf61f3e09a2.png"/>
        </ImageArray>
        <ImageArray name="ImageArray2" compressMethod="None" format="indexed8">
            <Image src="Group 427322196_42325799-b02d-4a85-ab61-991dc7de546f.png"/>
            <Image src="Group 427322199_c0fab247-0416-45e1-bc34-a0397de28010.png"/>
            <Image src="Group 427322200_599e7ba7-51b3-49d3-91a7-0f2fc22ab49d.png"/>
            <Image src="Group 427322198_0c5b3d5b-86a3-42e1-83b7-69ebebdcb358.png"/>
            <Image src="Group 427322197_0d8bd2aa-b5df-4365-83b7-212d37a4f205.png"/>
            <Image src="Group 427322202_a790ec0a-fbe3-41f5-96e6-b175b640a8a4.png"/>
            <Image src="Group 427322201_9f54ef84-d00d-4975-8c98-fceffd844bd4.png"/>
            <Image src="Group 427322204_b407c8e3-4ddb-4657-9da6-7aa9f85fcd3d.png"/>
            <Image src="Group 427322203_d1d130a2-5b76-4fc3-827f-df0016f9b8dd.png"/>
            <Image src="Group 427322205_6f179b6a-4048-4f1a-a358-f029eddf4d9f.png"/>
        </ImageArray>
        <ImageArray name="ImageArray3" compressMethod="None" format="indexed8">
            <Image src="数字/f682b39.png"/>
            <Image src="数字/122a292.png"/>
            <Image src="数字/41d3792.png"/>
            <Image src="数字/9c7e273.png"/>
            <Image src="数字/e5e8284.png"/>
            <Image src="数字/4827848.png"/>
            <Image src="数字/674d177.png"/>
            <Image src="数字/8951176.png"/>
            <Image src="数字/794349e.png"/>
            <Image src="数字/24d925b.png"/>
        </ImageArray>
        <ImageArray name="ImageArray4" compressMethod="None" format="indexed8">
            <Image src="Group 427322176_371cebe6-75a0-4cc0-bf2e-b50e8354ec07.png"/>
            <Image src="Group 427322176_27b6a041-d4b8-44b1-a0ae-f72afdf6b75d.png"/>
            <Image src="Group 427322175_83f197d6-0869-46f3-9f14-446150274901.png"/>
            <Image src="Group 427322175_8dfcd690-d142-48df-840d-637670f8a65a.png"/>
            <Image src="Group 427322174_df68f35c-bd15-49ec-b570-c042d1b0b678.png"/>
            <Image src="Group 427322174_60f86c1b-955d-47e1-976d-e3ff104df886.png"/>
            <Image src="Group 427321899_95de4377-8199-42a3-b00e-4005f476aceb.png"/>
            <Image src="Group 427321899_aa55f1b8-144e-40b4-ac9f-0b3aeed83471.png"/>
            <Image src="Group 427322173_95421052-432f-45d7-837a-6e1cd779c688.png"/>
            <Image src="Group 427322173_a1aa87a4-15e8-49da-bfa5-1037e440c7cc.png"/>
            <Image src="Group 427322177_387fee11-32f6-427e-ae4f-5913f14baeac.png"/>
        </ImageArray>
        <ImageArray name="ImageArray5" compressMethod="None" format="indexed8">
            <Image src="Group 427322186_8769c1e0-a635-4b39-9f79-0584ca2d81c1.png"/>
            <Image src="Group 427322187_5bebbe9d-d44f-4be0-bdf4-dd02011e4c6f.png"/>
            <Image src="Group 427322188_c3dab6e8-6c99-461d-a599-e4d11f367aa8.png"/>
            <Image src="Group 427322189_8bba305d-4544-4f84-bd2c-6deaa23da52b.png"/>
            <Image src="Group 427322190_c29e9797-10bd-43de-b1b5-8430177cc18b.png"/>
            <Image src="Group 427322191_b0a985f7-0308-45d7-915e-7980c3da4256.png"/>
            <Image src="Group 427322192_92979ed8-ecff-4209-b36a-4a7bfe3edc04.png"/>
            <Image src="Group 427322193_9d1d95aa-50b1-406b-b2d3-53b9adb5aacd.png"/>
            <Image src="Group 427322194_b7564f70-b5b0-4a46-881a-6b339096802b.png"/>
            <Image src="Group 427322195_05858af5-1a85-49b6-ac56-989214f80d81.png"/>
        </ImageArray>
        <ImageArray name="ImageArray6" compressMethod="None" format="indexed8">
            <Image src="数字/f682b39.png"/>
            <Image src="数字/122a292.png"/>
            <Image src="数字/41d3792.png"/>
        </ImageArray>
        <ImageArray name="ImageArray7" compressMethod="None" format="indexed8">
            <Image src="数字/f682b39.png"/>
            <Image src="数字/122a292.png"/>
            <Image src="数字/41d3792.png"/>
            <Image src="数字/9c7e273.png"/>
            <Image src="数字/e5e8284.png"/>
            <Image src="数字/4827848.png"/>
        </ImageArray>
        <ImageArray name="ImageArray8" compressMethod="None" format="indexed8">
            <Image src="resources/8e95887.png"/>
            <Image src="resources/dc9f1b8.png"/>
            <Image src="resources/12fcb73.png"/>
        </ImageArray>
        <ImageArray name="ImageArray9" compressMethod="None" format="indexed8">
            <Image src="resources/8e95887.png"/>
            <Image src="resources/dc9f1b8.png"/>
            <Image src="resources/12fcb73.png"/>
            <Image src="resources/e39a7c1.png"/>
            <Image src="resources/3968a8b.png"/>
            <Image src="resources/797cb4c.png"/>
            <Image src="resources/3b7260b.png"/>
            <Image src="resources/f1e617b.png"/>
            <Image src="resources/7db333e.png"/>
            <Image src="resources/d07ed87.png"/>
        </ImageArray>
        <ImageArray name="ImageArray10" compressMethod="None" format="indexed8">
            <Image src="resources/8e95887.png"/>
            <Image src="resources/dc9f1b8.png"/>
            <Image src="resources/12fcb73.png"/>
            <Image src="resources/e39a7c1.png"/>
            <Image src="resources/3968a8b.png"/>
            <Image src="resources/797cb4c.png"/>
        </ImageArray>
        <ImageArray name="ImageArray11" compressMethod="None" format="indexed8">
            <Image src="数字/bb8b69e.png"/>
            <Image src="数字/8b50071.png"/>
            <Image src="数字/8abe901.png"/>
            <Image src="数字/0f93edd.png"/>
            <Image src="数字/03922a2.png"/>
            <Image src="数字/893df6b.png"/>
            <Image src="数字/7dc655d.png"/>
            <Image src="数字/4622276.png"/>
            <Image src="数字/68d496c.png"/>
            <Image src="数字/53afe0f.png"/>
        </ImageArray>
        <ImageArray name="ImageArray12" compressMethod="None" format="indexed8">
            <Image src="Group 427322181_e12577ac-d48d-448b-9094-7378c5145fdb.png"/>
            <Image src="Group 427322181_fc98a145-d46d-4a46-9b1b-64741c5f1788.png"/>
            <Image src="Group 427322180_c5e53517-81a6-4ce3-a92f-09bb782b257c.png"/>
            <Image src="Group 427322180_8cb0ab32-9f05-45cf-bd81-1e539422c8b8.png"/>
            <Image src="Group 427322179_93a70e70-a1b8-4540-bacd-a8c9d1c8f6e1.png"/>
            <Image src="Group 427322179_55770662-70c7-41d7-a168-78f571eadbc0.png"/>
            <Image src="Group 427322178_2cf890af-bfd4-495b-8be0-251a20c078e3.png"/>
            <Image src="Group 427322178_75512869-20e6-4083-a5cc-7674e10d4e3a.png"/>
            <Image src="Group 427322182_5648899a-d3fb-4fc3-875b-0e017d3312f6.png"/>
            <Image src="Group 427322182_6daa0740-11b0-4ade-b4cb-4813aa8d30f8.png"/>
            <Image src="Group 427322183_04930c8d-9403-446f-bc12-5b63f8a06fee.png"/>
        </ImageArray>
        <ImageArray name="ImageArray13" compressMethod="None" format="indexed8">
            <Image src="数字/bb8b69e.png"/>
            <Image src="数字/8b50071.png"/>
            <Image src="数字/8abe901.png"/>
            <Image src="数字/0f93edd.png"/>
            <Image src="数字/03922a2.png"/>
            <Image src="数字/893df6b.png"/>
        </ImageArray>
        <ImageArray name="ImageArray14" compressMethod="None" format="indexed8">
            <Image src="数字/bb8b69e.png"/>
            <Image src="数字/8b50071.png"/>
            <Image src="数字/8abe901.png"/>
        </ImageArray>
        <DataItemImageValues name="ImageValues1" source="dateWeek" ref="@ImageArray1" rotation="0" supportRecolor="false"/>
        <DataItemImageNumber name="ImageNumber1" source="systemStatusBattery" ref="@ImageArray2" rotation="0" supportRecolor="false" unitIcon="@Image2" leadingZero="false" decimalOffsetX="0" trailingZero="false" totalDigits="3" decimalDigits="0" parameter="1000" renderRule="alwaysShow" align="center" space="0"/>
        <DataItemImageNumber name="ImageNumber2" source="timeHourLow" ref="@ImageArray3" rotation="0" supportRecolor="false" unitIcon="" leadingZero="false" decimalOffsetX="0" trailingZero="false" totalDigits="1" decimalDigits="0" parameter="1000" renderRule="alwaysShow" align="left" space="0"/>
        <DataItemImageNumber name="ImageNumber3" source="timeMinuteLow" ref="@ImageArray3" rotation="0" supportRecolor="false" unitIcon="" leadingZero="false" decimalOffsetX="0" trailingZero="false" totalDigits="1" decimalDigits="0" parameter="1000" renderRule="alwaysShow" align="left" space="0"/>
        <DataItemImageValues name="ImageValues2" source="systemStatusBattery" ref="@ImageArray4" rotation="0" supportRecolor="false">
            <Param value="0"/>
            <Param value="10"/>
            <Param value="20"/>
            <Param value="30"/>
            <Param value="40"/>
            <Param value="50"/>
            <Param value="60"/>
            <Param value="70"/>
            <Param value="80"/>
            <Param value="90"/>
            <Param value="100"/>
        </DataItemImageValues>
        <DataItemImageNumber name="ImageNumber4" source="timeHourHigh" ref="@ImageArray5" rotation="0" supportRecolor="false" unitIcon="" leadingZero="false" decimalOffsetX="0" trailingZero="false" totalDigits="1" decimalDigits="0" parameter="1000" renderRule="alwaysShow" align="left" space="0"/>
        <DataItemImageNumber name="ImageNumber5" source="timeHourLow" ref="@ImageArray5" rotation="0" supportRecolor="false" unitIcon="" leadingZero="false" decimalOffsetX="0" trailingZero="false" totalDigits="1" decimalDigits="0" parameter="1000" renderRule="alwaysShow" align="left" space="0"/>
        <DataItemImageNumber name="ImageNumber6" source="timeMinuteHigh" ref="@ImageArray5" rotation="0" supportRecolor="false" unitIcon="" leadingZero="false" decimalOffsetX="0" trailingZero="false" totalDigits="1" decimalDigits="0" parameter="1000" renderRule="alwaysShow" align="left" space="0"/>
        <DataItemImageNumber name="ImageNumber7" source="timeMinuteLow" ref="@ImageArray5" rotation="0" supportRecolor="false" unitIcon="" leadingZero="false" decimalOffsetX="0" trailingZero="false" totalDigits="1" decimalDigits="0" parameter="1000" renderRule="alwaysShow" align="left" space="0"/>
        <DataItemImageValues name="ImageValues3" source="timeHourHigh" ref="@ImageArray6" rotation="0" supportRecolor="true"/>
        <DataItemImageValues name="ImageValues4" source="timeMinuteHigh" ref="@ImageArray7" rotation="0" supportRecolor="true"/>
        <DataItemImageValues name="ImageValues5" source="timeHourHigh" ref="@ImageArray8" rotation="0" supportRecolor="false"/>
        <DataItemImageValues name="ImageValues6" source="timeHourLow" ref="@ImageArray9" rotation="0" supportRecolor="false"/>
        <DataItemImageValues name="ImageValues7" source="timeMinuteHigh" ref="@ImageArray10" rotation="0" supportRecolor="false"/>
        <DataItemImageValues name="ImageValues8" source="timeMinuteLow" ref="@ImageArray9" rotation="0" supportRecolor="false"/>
        <DataItemImageNumber name="ImageNumber8" source="timeHourLow" ref="@ImageArray11" rotation="0" supportRecolor="false" unitIcon="" leadingZero="false" decimalOffsetX="0" trailingZero="false" totalDigits="1" decimalDigits="0" parameter="1000" renderRule="alwaysShow" align="left" space="0"/>
        <DataItemImageNumber name="ImageNumber9" source="timeMinuteLow" ref="@ImageArray11" rotation="0" supportRecolor="false" unitIcon="" leadingZero="false" decimalOffsetX="0" trailingZero="false" totalDigits="1" decimalDigits="0" parameter="1000" renderRule="alwaysShow" align="left" space="0"/>
        <DataItemImageValues name="ImageValues9" source="systemStatusBattery" ref="@ImageArray12" rotation="0" supportRecolor="false">
            <Param value="0"/>
            <Param value="10"/>
            <Param value="20"/>
            <Param value="30"/>
            <Param value="40"/>
            <Param value="50"/>
            <Param value="60"/>
            <Param value="70"/>
            <Param value="80"/>
            <Param value="90"/>
            <Param value="100"/>
        </DataItemImageValues>
        <DataItemImageValues name="ImageValues10" source="timeMinuteHigh" ref="@ImageArray13" rotation="0" supportRecolor="true"/>
        <DataItemImageValues name="ImageValues11" source="timeHourHigh" ref="@ImageArray14" rotation="0" supportRecolor="true"/>
    </Resources>
    <Theme type="normal" name="样式1" bgColor="" isPhotoAlbumWatchface="false" preview="@Image1">
        <Layout ref="@ImageValues1" x="66" y="438" _id="0er0yq" _name="图组1"/>
        <Layout ref="@ImageNumber1" x="96" y="8" _id="n934m2" _name="图片数字1"/>
        <Layout ref="@ImageNumber2" x="96" y="90" _id="2x8j1l" _name="图片数字2"/>
        <Layout ref="@ImageNumber3" x="96" y="228" _id="9w89ze" _name="图片数字4"/>
        <Layout ref="@ImageValues2" x="66" y="44" _id="nln0xb" _name="图组1"/>
        <Layout ref="@ImageNumber4" x="47" y="401" _id="jp78wn" _name="图片数字1"/>
        <Layout ref="@ImageNumber5" x="69" y="401" _id="0dl2te" _name="图片数字2"/>
        <Layout ref="@ImageNumber6" x="101" y="401" _id="w1eqdi" _name="图片数字3"/>
        <Layout ref="@ImageNumber7" x="123" y="401" _id="5b5xdm" _name="图片数字4"/>
        <Layout ref="@Image3" x="91" y="401" _id="nev3n9" _name="单图1"/>
        <Layout ref="@ImageValues3" x="5" y="90" _id="l3cyq2" _name="图组"/>
        <Layout ref="@ImageValues4" x="5" y="228" _id="ejpsma" _name="图组2"/>
    </Theme>
    <Theme type="AOD" name="样式1" bgColor="" isPhotoAlbumWatchface="false">
        <Layout ref="@ImageValues5" x="29" y="124" _id="lnd8kt" _name="图组5"/>
        <Layout ref="@ImageValues6" x="97" y="124" _id="cl32fe" _name="图组6"/>
        <Layout ref="@ImageValues7" x="29" y="226" _id="ssdrvf" _name="图组7"/>
        <Layout ref="@ImageValues8" x="97" y="226" _id="4psivf" _name="图组8"/>
    </Theme>
    <Theme type="normal" name="样式2" bgColor="" isPhotoAlbumWatchface="false" preview="@Image4">
        <Layout ref="@ImageValues1" x="66" y="438" _id="wq66u1" _name="图组1"/>
        <Layout ref="@ImageNumber1" x="96" y="8" _id="7usepj" _name="图片数字1"/>
        <Layout ref="@ImageNumber8" x="96" y="90" _id="nemugn" _name="图片数字2"/>
        <Layout ref="@ImageNumber9" x="96" y="228" _id="5n4il4" _name="图片数字4"/>
        <Layout ref="@ImageValues9" x="66" y="44" _id="i2obf8" _name="图组1"/>
        <Layout ref="@ImageNumber4" x="47" y="401" _id="v55van" _name="图片数字1"/>
        <Layout ref="@ImageNumber5" x="69" y="401" _id="3wpjz9" _name="图片数字2"/>
        <Layout ref="@ImageNumber6" x="101" y="401" _id="hubnn8" _name="图片数字3"/>
        <Layout ref="@ImageNumber7" x="123" y="401" _id="yw2ncd" _name="图片数字4"/>
        <Layout ref="@Image3" x="91" y="401" _id="cpdtmf" _name="单图1"/>
        <Layout ref="@ImageValues10" x="5" y="228" _id="orci27" _name="图组2"/>
        <Layout ref="@ImageValues11" x="5" y="90" _id="hncuti" _name="图组"/>
    </Theme>
</Watchface>