<?xml version="1.0" encoding="utf-8"?>
<watch>
	<name>游戏谁是学霸</name>
	<deviceType>N66</deviceType>
	<version>1.0.0</version>
	<pkgName>120917345386</pkgName>
	<size>192x490</size>
	<author>小米</author>
	<description>1</description>
	<romVersion>1.0.9</romVersion>
	<imageCompression>true</imageCompression>
	<watchfaceType>normal</watchfaceType>
	<imageFormat>indexed8</imageFormat>
	<editorVersion>1.0.0</editorVersion>
	<shape>run</shape>
	<_recolorEnable>false</_recolorEnable>
	<webVersionUpdatedAt>2024-08-12T14:31:48+08:00</webVersionUpdatedAt>
	<editorVersionUpdatedAt>1.0.0</editorVersionUpdatedAt>
	<temperatureUnitType>system</temperatureUnitType>
	<imageArrayRamMethod>whole</imageArrayRamMethod>
	<_id>323fe3fca1fc4c7c792a6cf0dcad516d</_id>
</watch>