{
  "themes": [
    {
      "id": "ywhxrx",
      "bgColor": "",
      "name": "样式1",
      "type": "normal",
      "colorGroupTable": [
        {
          "id": "46pbgk",
          "name": "配色1",
          "color": "#ffffff"
        }
      ],
      "children": [
        {
          "id": "1sjl6x",
          "type": "Image",
          "attrs": {
            "name": "单图1",
            "src": "Frame 11631_b13805ad-c17d-4769-8171-b9793dde237a.png",
            "recolorEnable": false,
            "color": "",
            "compressMethod": "RLEReversed",
            "x": 1,
            "y": 0,
            "w": 192,
            "h": 490,
            "rotation": 0,
            "_visibility": true,
            "_isLocked": false,
            "source": "",
            "sourceEnabled": false,
            "_id1.5": "1sjl6x",
            "resources": {
              "pointer0": {
                "46pbgk": [
                  "a478ce3.png"
                ]
              }
            }
          },
          "children": []
        },
        {
          "id": "lm74n9",
          "type": "Image",
          "attrs": {
            "name": "单图1",
            "src": "Rectangle 4990_db9b105d-4fe7-4b19-9830-b6449617fcaf.png",
            "recolorEnable": false,
            "color": "",
            "compressMethod": "RLEReversed",
            "x": 51,
            "y": 169,
            "w": 20,
            "h": 28,
            "rotation": 0,
            "_visibility": true,
            "_isLocked": false,
            "source": "",
            "sourceEnabled": false,
            "_id1.5": "lm74n9",
            "resources": {
              "pointer0": {
                "46pbgk": [
                  "9cf8b09.png"
                ]
              }
            }
          },
          "children": []
        },
        {
          "id": "e5jzcb",
          "type": "ImageArray",
          "attrs": {
            "name": "图片数字1",
            "source": "healthHeartRate",
            "supportRecolor": "false",
            "renderRule": "alwaysShow",
            "ref": "@DataItemImageNumber_e5jzcb_ref",
            "space": "0",
            "align": "center",
            "rotation": 0,
            "leadingZero": "false",
            "decimalOffsetX": "0",
            "trailingZero": "false",
            "parameter": "1000",
            "totalDigits": "3",
            "decimalDigits": "0",
            "recolorEnable": false,
            "x": 97,
            "y": 230,
            "w": 45,
            "h": 22,
            "_visibility": true,
            "_isLocked": false,
            "sourceEnabled": true,
            "_id1.5": "e5jzcb",
            "resources": {
              "images": {
                "46pbgk": [
                  "Frame 11616_3296edfc-c373-4214-b8f4-1279c6283345.png",
                  "Frame 11617_ac6855cb-04ba-4bd1-89f5-084d362a092d.png",
                  "Frame 11618_9099260d-91ff-4e45-bc19-0c1118dfd143.png",
                  "Frame 11619_978b3b32-f202-4136-a94c-fa7c9191f9fe.png",
                  "Frame 11620_1e229292-e0a6-4696-9704-781b24ca7c8a.png",
                  "Frame 11621_f811f1aa-5f52-443e-8b84-2e6577311363.png",
                  "Frame 11622_85700382-a400-41b4-baf1-a46e283525f9.png",
                  "Frame 11623_7a1633d4-268b-4280-9db9-87d100bdec86.png",
                  "Frame 11624_ce380581-8673-4fdb-b118-577d1e340bb3.png",
                  "Frame 11625_b47359a9-de80-4b14-83ef-5571029df12d.png",
                  "366210105_/e5b5a97.png"
                ]
              },
              "decimalIcon": {},
              "unitIcon": {}
            },
            "sourceFormat": 1,
            "fillType": "数字填充"
          },
          "children": []
        },
        {
          "id": "kymnzg",
          "type": "ImageArray",
          "attrs": {
            "name": "图片数字2",
            "source": "healthCalorieValue",
            "supportRecolor": "false",
            "renderRule": "alwaysShow",
            "ref": "@DataItemImageNumber_e5jzcb_ref",
            "space": "0",
            "align": "center",
            "rotation": 0,
            "leadingZero": "false",
            "decimalOffsetX": "0",
            "trailingZero": "false",
            "parameter": "1000",
            "totalDigits": "5",
            "decimalDigits": "0",
            "recolorEnable": false,
            "x": 100,
            "y": 279,
            "w": 45,
            "h": 22,
            "_visibility": true,
            "_isLocked": false,
            "sourceEnabled": true,
            "_id1.5": "kymnzg",
            "resources": {
              "images": {
                "46pbgk": [
                  "Frame 11616_3296edfc-c373-4214-b8f4-1279c6283345.png",
                  "Frame 11617_ac6855cb-04ba-4bd1-89f5-084d362a092d.png",
                  "Frame 11618_9099260d-91ff-4e45-bc19-0c1118dfd143.png",
                  "Frame 11619_978b3b32-f202-4136-a94c-fa7c9191f9fe.png",
                  "Frame 11620_1e229292-e0a6-4696-9704-781b24ca7c8a.png",
                  "Frame 11621_f811f1aa-5f52-443e-8b84-2e6577311363.png",
                  "Frame 11622_85700382-a400-41b4-baf1-a46e283525f9.png",
                  "Frame 11623_7a1633d4-268b-4280-9db9-87d100bdec86.png",
                  "Frame 11624_ce380581-8673-4fdb-b118-577d1e340bb3.png",
                  "Frame 11625_b47359a9-de80-4b14-83ef-5571029df12d.png"
                ]
              },
              "decimalIcon": {},
              "unitIcon": {}
            },
            "sourceFormat": 1,
            "fillType": "数字填充"
          },
          "children": []
        },
        {
          "id": "llnhbm",
          "type": "ImageArray",
          "attrs": {
            "name": "图片数字3",
            "source": "healthStepCount",
            "supportRecolor": "false",
            "renderRule": "alwaysShow",
            "ref": "@DataItemImageNumber_e5jzcb_ref",
            "space": "0",
            "align": "center",
            "rotation": 0,
            "leadingZero": "false",
            "decimalOffsetX": "0",
            "trailingZero": "false",
            "parameter": "1000",
            "totalDigits": "5",
            "decimalDigits": "0",
            "recolorEnable": false,
            "x": 103,
            "y": 336,
            "w": 75,
            "h": 22,
            "_visibility": true,
            "_isLocked": false,
            "sourceEnabled": true,
            "_id1.5": "llnhbm",
            "resources": {
              "images": {
                "46pbgk": [
                  "Frame 11616_3296edfc-c373-4214-b8f4-1279c6283345.png",
                  "Frame 11617_ac6855cb-04ba-4bd1-89f5-084d362a092d.png",
                  "Frame 11618_9099260d-91ff-4e45-bc19-0c1118dfd143.png",
                  "Frame 11619_978b3b32-f202-4136-a94c-fa7c9191f9fe.png",
                  "Frame 11620_1e229292-e0a6-4696-9704-781b24ca7c8a.png",
                  "Frame 11621_f811f1aa-5f52-443e-8b84-2e6577311363.png",
                  "Frame 11622_85700382-a400-41b4-baf1-a46e283525f9.png",
                  "Frame 11623_7a1633d4-268b-4280-9db9-87d100bdec86.png",
                  "Frame 11624_ce380581-8673-4fdb-b118-577d1e340bb3.png",
                  "Frame 11625_b47359a9-de80-4b14-83ef-5571029df12d.png"
                ]
              },
              "decimalIcon": {},
              "unitIcon": {}
            },
            "sourceFormat": 1,
            "fillType": "数字填充"
          },
          "children": []
        },
        {
          "id": "wxc039",
          "type": "Widget",
          "children": [
            {
              "id": "8jggeb",
              "type": "ImageArray",
              "attrs": {
                "name": "图片数字4",
                "source": "systemStatusBattery",
                "supportRecolor": "false",
                "renderRule": "alwaysShow",
                "ref": "@DataItemImageNumber_e5jzcb_ref",
                "unitIcon": "@DataItemImageNumber_8jggeb_unitIcon",
                "space": "0",
                "align": "left",
                "rotation": 0,
                "leadingZero": "false",
                "decimalOffsetX": "0",
                "trailingZero": "false",
                "parameter": "1000",
                "totalDigits": "3",
                "decimalDigits": "0",
                "recolorEnable": false,
                "x": 28,
                "y": 0,
                "w": 18,
                "h": 26,
                "_visibility": true,
                "_isLocked": false,
                "sourceEnabled": true,
                "_id1.5": "8jggeb",
                "resources": {
                  "images": {
                    "46pbgk": [
                      "M66市场表盘-移植/a84db3a.png",
                      "M66市场表盘-移植/21fda36.png",
                      "M66市场表盘-移植/d85beb7.png",
                      "M66市场表盘-移植/b787f17.png",
                      "M66市场表盘-移植/c14648d.png",
                      "M66市场表盘-移植/0d17bcb.png",
                      "M66市场表盘-移植/6a5a201.png",
                      "M66市场表盘-移植/509ce57.png",
                      "M66市场表盘-移植/7fb6a8c.png",
                      "M66市场表盘-移植/755000f.png"
                    ]
                  },
                  "decimalIcon": {},
                  "unitIcon": {
                    "46pbgk": [
                      "d1f6e89.png"
                    ]
                  }
                },
                "sourceFormat": 3,
                "fillType": "数字填充"
              },
              "children": []
            },
            {
              "id": "gignds",
              "type": "Image",
              "attrs": {
                "name": "单图2",
                "src": "Frame 11615_6030e995-501a-4da3-a6e0-cd964c7499d2.png",
                "recolorEnable": false,
                "color": "",
                "compressMethod": "RLEReversed",
                "x": 59,
                "y": 1,
                "w": 30,
                "h": 30,
                "rotation": 0,
                "_visibility": true,
                "_isLocked": false,
                "source": "",
                "sourceEnabled": false,
                "_id1.5": "gignds",
                "resources": {
                  "pointer0": {
                    "46pbgk": [
                      "7173fa1.png"
                    ]
                  }
                }
              },
              "children": []
            }
          ],
          "attrs": {
            "name": "组1",
            "x": 0,
            "y": 21,
            "_isLocked": false,
            "_visibility": true,
            "w": 192,
            "h": 25,
            "jumpApp": "settings",
            "flexDirection": "row",
            "justifyContent": "center",
            "alignItems": "center",
            "gap": 2
          }
        },
        {
          "id": "7nrc3c",
          "type": "ImageArray",
          "attrs": {
            "name": "图片数字1",
            "source": "dateDay",
            "supportRecolor": "false",
            "renderRule": "alwaysShow",
            "ref": "@DataItemImageNumber_7nrc3c_ref",
            "space": "2",
            "align": "left",
            "rotation": 0,
            "leadingZero": "true",
            "decimalOffsetX": "0",
            "trailingZero": "false",
            "parameter": "1000",
            "totalDigits": "2",
            "decimalDigits": "0",
            "recolorEnable": false,
            "x": 70,
            "y": 169,
            "w": 20,
            "h": 28,
            "_visibility": true,
            "_isLocked": false,
            "sourceEnabled": true,
            "_id1.5": "7nrc3c",
            "resources": {
              "images": {
                "46pbgk": [
                  "M66市场表盘-移植/a7f5e2f.png",
                  "M66市场表盘-移植/a615cd8.png",
                  "M66市场表盘-移植/6ff2ddd.png",
                  "M66市场表盘-移植/6914631.png",
                  "M66市场表盘-移植/e5fdaf5.png",
                  "M66市场表盘-移植/274667a.png",
                  "M66市场表盘-移植/e08bc8a.png",
                  "M66市场表盘-移植/800c905.png",
                  "M66市场表盘-移植/c4d18a1.png",
                  "M66市场表盘-移植/cfb8729.png"
                ]
              },
              "decimalIcon": {},
              "unitIcon": {}
            },
            "sourceFormat": 2,
            "fillType": "数字填充"
          },
          "children": []
        },
        {
          "id": "mhr6ee",
          "type": "ImageArray",
          "attrs": {
            "name": "图片数字2",
            "source": "dateMonth",
            "supportRecolor": "false",
            "renderRule": "alwaysShow",
            "ref": "@DataItemImageNumber_7nrc3c_ref",
            "space": "2",
            "align": "left",
            "rotation": 0,
            "leadingZero": "true",
            "decimalOffsetX": "0",
            "trailingZero": "false",
            "parameter": "1000",
            "totalDigits": "2",
            "decimalDigits": "0",
            "recolorEnable": false,
            "x": 10,
            "y": 169,
            "w": 20,
            "h": 28,
            "_visibility": true,
            "_isLocked": false,
            "sourceEnabled": true,
            "_id1.5": "mhr6ee",
            "resources": {
              "images": {
                "46pbgk": [
                  "M66市场表盘-移植/a7f5e2f.png",
                  "M66市场表盘-移植/a615cd8.png",
                  "M66市场表盘-移植/6ff2ddd.png",
                  "M66市场表盘-移植/6914631.png",
                  "M66市场表盘-移植/e5fdaf5.png",
                  "M66市场表盘-移植/274667a.png",
                  "M66市场表盘-移植/e08bc8a.png",
                  "M66市场表盘-移植/800c905.png",
                  "M66市场表盘-移植/c4d18a1.png",
                  "M66市场表盘-移植/cfb8729.png"
                ]
              },
              "decimalIcon": {},
              "unitIcon": {}
            },
            "sourceFormat": 2,
            "fillType": "数字填充"
          },
          "children": []
        },
        {
          "id": "a2incl",
          "type": "ImageArray",
          "attrs": {
            "name": "图组1",
            "source": "timeHourHigh",
            "supportRecolor": "false",
            "ref": "@DataItemImageValues_a2incl_ref",
            "hasInvalidValueImage": "",
            "_hasInvalidValueImageUrl": "",
            "decimalOffsetX": "0",
            "parameter": "1000",
            "recolorEnable": false,
            "x": 1,
            "y": 66,
            "w": 48,
            "h": 82,
            "rotation": 0,
            "_visibility": true,
            "_isLocked": false,
            "sourceEnabled": true,
            "_id1.5": "a2incl",
            "resources": {
              "images": {
                "46pbgk": [
                  "M66市场表盘-移植/a8cd1bc.png",
                  "M66市场表盘-移植/c32ca74.png",
                  "M66市场表盘-移植/cf81adf.png"
                ]
              }
            },
            "fillType": "普通填充"
          },
          "children": []
        },
        {
          "id": "jne2b4",
          "type": "ImageArray",
          "attrs": {
            "name": "图组2",
            "source": "timeHourLow",
            "supportRecolor": "false",
            "ref": "@DataItemImageValues_a2incl_ref",
            "hasInvalidValueImage": "",
            "_hasInvalidValueImageUrl": "",
            "decimalOffsetX": "0",
            "parameter": "1000",
            "recolorEnable": false,
            "x": 40,
            "y": 66,
            "w": 48,
            "h": 82,
            "rotation": 0,
            "_visibility": true,
            "_isLocked": false,
            "sourceEnabled": true,
            "_id1.5": "jne2b4",
            "resources": {
              "images": {
                "46pbgk": [
                  "M66市场表盘-移植/a8cd1bc.png",
                  "M66市场表盘-移植/c32ca74.png",
                  "M66市场表盘-移植/cf81adf.png",
                  "M66市场表盘-移植/ba4f31f.png",
                  "M66市场表盘-移植/3831789.png",
                  "M66市场表盘-移植/5d5a355.png",
                  "M66市场表盘-移植/f65c5a8.png",
                  "M66市场表盘-移植/56551d3.png",
                  "M66市场表盘-移植/f5e1dd8.png",
                  "M66市场表盘-移植/fda162c.png"
                ]
              }
            },
            "fillType": "普通填充"
          },
          "children": []
        },
        {
          "id": "0fbu0n",
          "type": "ImageArray",
          "attrs": {
            "name": "图组3",
            "source": "timeMinuteHigh",
            "supportRecolor": "false",
            "ref": "@DataItemImageValues_a2incl_ref",
            "hasInvalidValueImage": "",
            "_hasInvalidValueImageUrl": "",
            "parameter": "1000",
            "decimalOffsetX": "0",
            "recolorEnable": false,
            "x": 106,
            "y": 66,
            "w": 48,
            "h": 82,
            "rotation": 0,
            "_visibility": true,
            "_isLocked": false,
            "sourceEnabled": true,
            "_id1.5": "0fbu0n",
            "resources": {
              "images": {
                "46pbgk": [
                  "M66市场表盘-移植/a8cd1bc.png",
                  "M66市场表盘-移植/c32ca74.png",
                  "M66市场表盘-移植/cf81adf.png",
                  "M66市场表盘-移植/ba4f31f.png",
                  "M66市场表盘-移植/3831789.png",
                  "M66市场表盘-移植/5d5a355.png"
                ]
              }
            },
            "fillType": "普通填充"
          },
          "children": []
        },
        {
          "id": "sz659e",
          "type": "ImageArray",
          "attrs": {
            "name": "图组4",
            "source": "timeMinuteLow",
            "supportRecolor": "false",
            "ref": "@DataItemImageValues_a2incl_ref",
            "hasInvalidValueImage": "",
            "_hasInvalidValueImageUrl": "",
            "parameter": "1000",
            "decimalOffsetX": "0",
            "recolorEnable": false,
            "x": 146,
            "y": 66,
            "w": 48,
            "h": 82,
            "rotation": 0,
            "_visibility": true,
            "_isLocked": false,
            "sourceEnabled": true,
            "_id1.5": "sz659e",
            "resources": {
              "images": {
                "46pbgk": [
                  "M66市场表盘-移植/a8cd1bc.png",
                  "M66市场表盘-移植/c32ca74.png",
                  "M66市场表盘-移植/cf81adf.png",
                  "M66市场表盘-移植/ba4f31f.png",
                  "M66市场表盘-移植/3831789.png",
                  "M66市场表盘-移植/5d5a355.png",
                  "M66市场表盘-移植/f65c5a8.png",
                  "M66市场表盘-移植/56551d3.png",
                  "M66市场表盘-移植/f5e1dd8.png",
                  "M66市场表盘-移植/fda162c.png"
                ]
              }
            },
            "fillType": "普通填充"
          },
          "children": []
        },
        {
          "id": "bdlmcc",
          "type": "JsFile",
          "attrs": {
            "sourceEnabled": false,
            "valueStart": 0,
            "valueEnd": 0,
            "angleStart": 0,
            "angleEnd": 360,
            "recolorEnable": true,
            "x": 37,
            "y": 405,
            "w": 120,
            "h": 60,
            "rotation": 0,
            "name": "JS/LUA程序1",
            "showImgFormat": false,
            "_visibility": true,
            "_isLocked": false,
            "resources": {
              "jsPreview": {
                "46pbgk": [
                  "fe8b8a4.png"
                ]
              }
            },
            "jsFilename": "_lua/code/shuishixueba.lua",
            "jsImgNames": [
              "_lua/code/game/0.rle",
              "_lua/code/game/1.rle",
              "_lua/code/game/10.rle",
              "_lua/code/game/2.rle",
              "_lua/code/game/3.rle",
              "_lua/code/game/4.rle",
              "_lua/code/game/5.rle",
              "_lua/code/game/6.rle",
              "_lua/code/game/7.rle",
              "_lua/code/game/8.rle",
              "_lua/code/game/9.rle",
              "_lua/code/game/bg.rle",
              "_lua/code/game/click.rle",
              "_lua/code/game/fail.rle",
              "_lua/code/game/file0.rle",
              "_lua/code/game/file1.rle",
              "_lua/code/game/file2.rle",
              "_lua/code/game/file3.rle",
              "_lua/code/game/file4.rle",
              "_lua/code/game/file5.rle",
              "_lua/code/game/file6.rle",
              "_lua/code/game/file7.rle",
              "_lua/code/game/file8.rle",
              "_lua/code/game/file9.rle",
              "_lua/code/game/get0.rle",
              "_lua/code/game/get1.rle",
              "_lua/code/game/get2.rle",
              "_lua/code/game/get3.rle",
              "_lua/code/game/get4.rle",
              "_lua/code/game/get5.rle",
              "_lua/code/game/get6.rle",
              "_lua/code/game/get7.rle",
              "_lua/code/game/get8.rle",
              "_lua/code/game/get9.rle",
              "_lua/code/game/return.rle",
              "_lua/code/game/right.rle",
              "_lua/code/game/s1.rle",
              "_lua/code/game/s10.rle",
              "_lua/code/game/s11.rle",
              "_lua/code/game/s2.rle",
              "_lua/code/game/s3.rle",
              "_lua/code/game/s4.rle",
              "_lua/code/game/s5.rle",
              "_lua/code/game/s6.rle",
              "_lua/code/game/s7.rle",
              "_lua/code/game/s8.rle",
              "_lua/code/game/s9.rle",
              "_lua/code/game/sig1.rle",
              "_lua/code/game/sig2.rle",
              "_lua/code/game/sig3.rle",
              "_lua/code/game/star.rle",
              "_lua/code/game/succeed.rle",
              "_lua/code/game/t.rle",
              "_lua/code/game/t0.rle",
              "_lua/code/game/t1.rle",
              "_lua/code/game/t2.rle",
              "_lua/code/game/t3.rle",
              "_lua/code/game/t4.rle",
              "_lua/code/game/t5.rle",
              "_lua/code/game/t6.rle",
              "_lua/code/game/t7.rle",
              "_lua/code/game/t8.rle",
              "_lua/code/game/t9.rle",
              "_lua/code/game/top0.rle",
              "_lua/code/game/top1.rle",
              "_lua/code/game/top2.rle",
              "_lua/code/game/top3.rle",
              "_lua/code/game/top4.rle",
              "_lua/code/game/top5.rle",
              "_lua/code/game/top6.rle",
              "_lua/code/game/top7.rle",
              "_lua/code/game/top8.rle",
              "_lua/code/game/top9.rle",
              "_lua/code/game/wrong.rle"
            ]
          }
        },
        {
          "id": "vi4on6",
          "type": "ImageArray",
          "attrs": {
            "sourceEnabled": true,
            "source": "dateWeek",
            "valueStart": 0,
            "valueEnd": 6,
            "angleStart": 0,
            "angleEnd": 360,
            "recolorEnable": true,
            "x": 120,
            "y": 169,
            "w": 70,
            "h": 28,
            "rotation": 0,
            "name": "图组",
            "showImgFormat": false,
            "_visibility": true,
            "_isLocked": false,
            "fillType": "普通填充",
            "align": "left",
            "space": 0,
            "widgetSpace": 0,
            "sourceProgressAccuracy": 10,
            "sourceWeatherType": "whole",
            "sourceHourMode": "system",
            "resources": {
              "images": {
                "46pbgk": [
                  "M66市场表盘-移植/2d291f2.png",
                  "M66市场表盘-移植/00eb36a.png",
                  "M66市场表盘-移植/7639902.png",
                  "M66市场表盘-移植/3786960.png",
                  "M66市场表盘-移植/42e2eb6.png",
                  "M66市场表盘-移植/b65a58b.png",
                  "M66市场表盘-移植/a69639c.png"
                ]
              }
            },
            "decimalOffsetX": "0",
            "trailingZero": false
          }
        },
        {
          "id": "5262dk",
          "type": "Image",
          "attrs": {
            "sourceEnabled": false,
            "valueStart": 0,
            "valueEnd": 0,
            "angleStart": 0,
            "angleEnd": 360,
            "recolorEnable": true,
            "x": 82,
            "y": 66,
            "w": 30,
            "h": 82,
            "rotation": 0,
            "name": "Frame 427322980",
            "showImgFormat": false,
            "_visibility": true,
            "_isLocked": false,
            "pointerFps": 1,
            "pointerRegionNum": 0,
            "shadowPointerOffsetY": 0,
            "resources": {
              "pointer0": {
                "46pbgk": [
                  "f778a87.png"
                ]
              }
            }
          }
        }
      ],
      "preview": "_preview/样式1亮屏预览图.png"
    },
    {
      "id": "u1u54n",
      "bgColor": "",
      "name": "样式1",
      "type": "AOD",
      "colorGroupTable": [
        {
          "id": "ssyt4p",
          "name": "配色1",
          "color": "#ffffff"
        }
      ],
      "children": [],
      "preview": "_preview/样式1息屏预览图.png"
    }
  ],
  "i18n": {
    "translations": {},
    "locales": []
  },
  "formats": {
    "0_40543265-6750-4034-a233-ea72186e723c.png": "indexed8",
    "0_b2d84837-cf14-4a97-93d7-a798bdc06080.png": "indexed8",
    "1_74d6c6b1-30aa-4c45-8c0e-d3f605f38818.png": "indexed8",
    "1_e81917ae-ac04-4bc7-92b9-03f4b3ff4b32.png": "indexed8",
    "2_22365c37-9ab5-4d9c-8b9e-8a6579e93ebc.png": "indexed8",
    "2_9385dcfe-2b86-4042-aad8-1bd14cbb233b.png": "indexed8",
    "3_660808ba-717c-49d3-8de3-ad53c9b869ab.png": "indexed8",
    "3_c73f72c4-544e-413a-a0af-b50f2ea0a16a.png": "indexed8",
    "4_367734cf-faba-4269-ab76-34d5faa23019.png": "indexed8",
    "4_c84869bd-b00c-46a2-8566-ed6c79deb080.png": "indexed8",
    "5_62a83703-0b6d-4d60-b7ae-5ebc231eda43.png": "indexed8",
    "5_77f4463b-6d06-4756-8e7f-4ea4911d92d8.png": "indexed8",
    "6_01d6ba08-79fc-49d2-a535-25c52fd79ed2.png": "indexed8",
    "6_f169e96b-dc63-4dfc-9276-506abec02431.png": "indexed8",
    "7_b9dbec6f-f03e-41ce-8b10-86586750788a.png": "indexed8",
    "7_cf9a7688-bf58-4302-8330-6d2027199a44.png": "indexed8",
    "8_0d986c00-786d-47d9-bd17-6e965711d352.png": "indexed8",
    "8_32105093-83e2-4dae-a26d-952e219ff623.png": "indexed8",
    "9_0c943c2d-bad9-477a-a2b0-8f36398f488d.png": "indexed8",
    "9_44f6bd7a-9d3d-4351-936b-326f000a41ab.png": "indexed8",
    "Frame 11615_6030e995-501a-4da3-a6e0-cd964c7499d2.png": "indexed8",
    "Frame 11616_3296edfc-c373-4214-b8f4-1279c6283345.png": "indexed8",
    "Frame 11617_ac6855cb-04ba-4bd1-89f5-084d362a092d.png": "indexed8",
    "Frame 11618_9099260d-91ff-4e45-bc19-0c1118dfd143.png": "indexed8",
    "Frame 11619_978b3b32-f202-4136-a94c-fa7c9191f9fe.png": "indexed8",
    "Frame 11620_1e229292-e0a6-4696-9704-781b24ca7c8a.png": "indexed8",
    "Frame 11621_f811f1aa-5f52-443e-8b84-2e6577311363.png": "indexed8",
    "Frame 11622_85700382-a400-41b4-baf1-a46e283525f9.png": "indexed8",
    "Frame 11623_7a1633d4-268b-4280-9db9-87d100bdec86.png": "indexed8",
    "Frame 11624_ce380581-8673-4fdb-b118-577d1e340bb3.png": "indexed8",
    "Frame 11625_b47359a9-de80-4b14-83ef-5571029df12d.png": "indexed8",
    "Frame 11626_9ddee20b-6024-47ad-9ea9-4fc3fff2fdf5.png": "indexed8",
    "Frame 11628_807da4ab-46be-48b9-99ba-c70d85ed70c2.png": "indexed8",
    "Frame 11629_0a9cee66-a5c4-442c-9879-efa09d45dd87.png": "indexed8",
    "Frame 11631_b13805ad-c17d-4769-8171-b9793dde237a.png": "indexed8",
    "Rectangle 4990_db9b105d-4fe7-4b19-9830-b6449617fcaf.png": "indexed8",
    "电池-10_207a0fd2-c5c8-4b09-b182-2c98b11e4371.png": "indexed8",
    "电池-1_5ff51a14-8608-459c-9c7d-b84bbf99bd68.png": "indexed8",
    "电池-2_6a744593-321d-401b-aec3-2026d194c9f0.png": "indexed8",
    "电池-3_f45742d6-cb56-4bb0-8717-34f9e0e88f19.png": "indexed8",
    "电池-4_3a26fad6-ca35-49c4-97f6-247c891c147a.png": "indexed8",
    "电池-5_c57281a8-c451-4b3a-bb2e-70c4a22c9920.png": "indexed8",
    "电池-6_1a61964a-3275-405a-8edb-14b8a47ca1e4.png": "indexed8",
    "电池-7_c90b9d39-c15d-4582-a77d-88fec620dc35.png": "indexed8",
    "电池-8_19b866a8-f62a-4cd4-ad70-52211f4b649f.png": "indexed8",
    "电池-9_61049779-bfa7-46bb-a28f-6a8a35f13960.png": "indexed8",
    "电池_826eef7f-96e8-43d9-b4af-5b4aef890eb5.png": "indexed8",
    "_preview/fe9b416.png": "indexed8",
    "_preview/0401eeb.png": "indexed8",
    "366210105_/e5b5a97.png": "indexed8",
    "_preview/样式1息屏预览图.png": "indexed8",
    "_preview/样式1亮屏预览图.png": "indexed8",
    "a478ce3.png": "indexed8",
    "fe8b8a4.png": "indexed8",
    "M66市场表盘-移植/a8cd1bc.png": "indexed8",
    "M66市场表盘-移植/c32ca74.png": "indexed8",
    "M66市场表盘-移植/cf81adf.png": "indexed8",
    "M66市场表盘-移植/ba4f31f.png": "indexed8",
    "M66市场表盘-移植/3831789.png": "indexed8",
    "M66市场表盘-移植/5d5a355.png": "indexed8",
    "M66市场表盘-移植/f65c5a8.png": "indexed8",
    "M66市场表盘-移植/56551d3.png": "indexed8",
    "M66市场表盘-移植/f5e1dd8.png": "indexed8",
    "M66市场表盘-移植/fda162c.png": "indexed8",
    "M66市场表盘-移植/a84db3a.png": "indexed8",
    "M66市场表盘-移植/21fda36.png": "indexed8",
    "M66市场表盘-移植/d85beb7.png": "indexed8",
    "M66市场表盘-移植/b787f17.png": "indexed8",
    "M66市场表盘-移植/c14648d.png": "indexed8",
    "M66市场表盘-移植/0d17bcb.png": "indexed8",
    "M66市场表盘-移植/6a5a201.png": "indexed8",
    "M66市场表盘-移植/509ce57.png": "indexed8",
    "M66市场表盘-移植/7fb6a8c.png": "indexed8",
    "M66市场表盘-移植/755000f.png": "indexed8",
    "M66市场表盘-移植/a7f5e2f.png": "indexed8",
    "M66市场表盘-移植/a615cd8.png": "indexed8",
    "M66市场表盘-移植/6ff2ddd.png": "indexed8",
    "M66市场表盘-移植/6914631.png": "indexed8",
    "M66市场表盘-移植/e5fdaf5.png": "indexed8",
    "M66市场表盘-移植/274667a.png": "indexed8",
    "M66市场表盘-移植/e08bc8a.png": "indexed8",
    "M66市场表盘-移植/800c905.png": "indexed8",
    "M66市场表盘-移植/c4d18a1.png": "indexed8",
    "M66市场表盘-移植/cfb8729.png": "indexed8",
    "9cf8b09.png": "indexed8",
    "M66市场表盘-移植/00eb36a.png": "indexed8",
    "M66市场表盘-移植/7639902.png": "indexed8",
    "M66市场表盘-移植/3786960.png": "indexed8",
    "M66市场表盘-移植/42e2eb6.png": "indexed8",
    "M66市场表盘-移植/b65a58b.png": "indexed8",
    "M66市场表盘-移植/a69639c.png": "indexed8",
    "M66市场表盘-移植/2d291f2.png": "indexed8",
    "d1f6e89.png": "indexed8",
    "7173fa1.png": "indexed8",
    "f778a87.png": "indexed8",
    "_lua/code/game/0.indexed_8.rle.png": "indexed8",
    "_lua/code/game/1.indexed_8.rle.png": "indexed8",
    "_lua/code/game/10.indexed_8.rle.png": "indexed8",
    "_lua/code/game/2.indexed_8.rle.png": "indexed8",
    "_lua/code/game/3.indexed_8.rle.png": "indexed8",
    "_lua/code/game/4.indexed_8.rle.png": "indexed8",
    "_lua/code/game/5.indexed_8.rle.png": "indexed8",
    "_lua/code/game/6.indexed_8.rle.png": "indexed8",
    "_lua/code/game/7.indexed_8.rle.png": "indexed8",
    "_lua/code/game/8.indexed_8.rle.png": "indexed8",
    "_lua/code/game/9.indexed_8.rle.png": "indexed8",
    "_lua/code/game/bg.indexed_8.rle.png": "indexed8",
    "_lua/code/game/click.indexed_8.rle.png": "indexed8",
    "_lua/code/game/fail.indexed_8.rle.png": "indexed8",
    "_lua/code/game/file0.indexed_8.rle.png": "indexed8",
    "_lua/code/game/file1.indexed_8.rle.png": "indexed8",
    "_lua/code/game/file2.indexed_8.rle.png": "indexed8",
    "_lua/code/game/file3.indexed_8.rle.png": "indexed8",
    "_lua/code/game/file4.indexed_8.rle.png": "indexed8",
    "_lua/code/game/file5.indexed_8.rle.png": "indexed8",
    "_lua/code/game/file6.indexed_8.rle.png": "indexed8",
    "_lua/code/game/file7.indexed_8.rle.png": "indexed8",
    "_lua/code/game/file8.indexed_8.rle.png": "indexed8",
    "_lua/code/game/file9.indexed_8.rle.png": "indexed8",
    "_lua/code/game/get0.indexed_8.rle.png": "indexed8",
    "_lua/code/game/get1.indexed_8.rle.png": "indexed8",
    "_lua/code/game/get2.indexed_8.rle.png": "indexed8",
    "_lua/code/game/get3.indexed_8.rle.png": "indexed8",
    "_lua/code/game/get4.indexed_8.rle.png": "indexed8",
    "_lua/code/game/get5.indexed_8.rle.png": "indexed8",
    "_lua/code/game/get6.indexed_8.rle.png": "indexed8",
    "_lua/code/game/get7.indexed_8.rle.png": "indexed8",
    "_lua/code/game/get8.indexed_8.rle.png": "indexed8",
    "_lua/code/game/get9.indexed_8.rle.png": "indexed8",
    "_lua/code/game/return.indexed_8.rle.png": "indexed8",
    "_lua/code/game/s1.indexed_8.rle.png": "indexed8",
    "_lua/code/game/s10.indexed_8.rle.png": "indexed8",
    "_lua/code/game/s11.indexed_8.rle.png": "indexed8",
    "_lua/code/game/s2.indexed_8.rle.png": "indexed8",
    "_lua/code/game/s3.indexed_8.rle.png": "indexed8",
    "_lua/code/game/s4.indexed_8.rle.png": "indexed8",
    "_lua/code/game/s5.indexed_8.rle.png": "indexed8",
    "_lua/code/game/s6.indexed_8.rle.png": "indexed8",
    "_lua/code/game/s7.indexed_8.rle.png": "indexed8",
    "_lua/code/game/s8.indexed_8.rle.png": "indexed8",
    "_lua/code/game/s9.indexed_8.rle.png": "indexed8",
    "_lua/code/game/sig1.indexed_8.rle.png": "indexed8",
    "_lua/code/game/sig2.indexed_8.rle.png": "indexed8",
    "_lua/code/game/sig3.indexed_8.rle.png": "indexed8",
    "_lua/code/game/star.indexed_8.rle.png": "indexed8",
    "_lua/code/game/succeed.indexed_8.rle.png": "indexed8",
    "_lua/code/game/t.indexed_8.rle.png": "indexed8",
    "_lua/code/game/t0.indexed_8.rle.png": "indexed8",
    "_lua/code/game/t1.indexed_8.rle.png": "indexed8",
    "_lua/code/game/t2.indexed_8.rle.png": "indexed8",
    "_lua/code/game/t3.indexed_8.rle.png": "indexed8",
    "_lua/code/game/t4.indexed_8.rle.png": "indexed8",
    "_lua/code/game/t5.indexed_8.rle.png": "indexed8",
    "_lua/code/game/t6.indexed_8.rle.png": "indexed8",
    "_lua/code/game/t7.indexed_8.rle.png": "indexed8",
    "_lua/code/game/t8.indexed_8.rle.png": "indexed8",
    "_lua/code/game/t9.indexed_8.rle.png": "indexed8",
    "_lua/code/game/top0.indexed_8.rle.png": "indexed8",
    "_lua/code/game/top1.indexed_8.rle.png": "indexed8",
    "_lua/code/game/top2.indexed_8.rle.png": "indexed8",
    "_lua/code/game/top3.indexed_8.rle.png": "indexed8",
    "_lua/code/game/top4.indexed_8.rle.png": "indexed8",
    "_lua/code/game/top5.indexed_8.rle.png": "indexed8",
    "_lua/code/game/top6.indexed_8.rle.png": "indexed8",
    "_lua/code/game/top7.indexed_8.rle.png": "indexed8",
    "_lua/code/game/top8.indexed_8.rle.png": "indexed8",
    "_lua/code/game/top9.indexed_8.rle.png": "indexed8",
    "_emptyImage.png": "indexed8"
  }
}