<?xml version="1.0" encoding="utf-8"?>
<watch>
	<name>游戏2048</name>
	<deviceType>N66</deviceType>
	<version>1.0.0</version>
	<pkgName>120917345607</pkgName>
	<size>192x490</size>
	<author>小米</author>
	<description>1</description>
	<romVersion>1.0.9</romVersion>
	<imageCompression>true</imageCompression>
	<watchfaceType>normal</watchfaceType>
	<imageFormat>indexed8</imageFormat>
	<editorVersion>1.0.0</editorVersion>
	<shape>run</shape>
	<_recolorEnable>false</_recolorEnable>
	<webVersionUpdatedAt>2024-08-30T16:58:31+08:00</webVersionUpdatedAt>
	<editorVersionUpdatedAt>1.0.0</editorVersionUpdatedAt>
	<temperatureUnitType>system</temperatureUnitType>
	<imageArrayRamMethod>whole</imageArrayRamMethod>
	<_id>5517b7839763c2aef82edd9b24b9f0b4</_id>
</watch>