{
  "themes": [
    {
      "id": "ywhxrx",
      "bgColor": "",
      "name": "样式1",
      "type": "normal",
      "colorGroupTable": [
        {
          "id": "46pbgk",
          "name": "配色1",
          "color": "#ffffff"
        }
      ],
      "children": [
        {
          "id": "1sjl6x",
          "type": "Image",
          "attrs": {
            "name": "单图1",
            "src": "Frame 11631_b13805ad-c17d-4769-8171-b9793dde237a.png",
            "recolorEnable": false,
            "color": "",
            "compressMethod": "RLEReversed",
            "x": 1,
            "y": 0,
            "w": 192,
            "h": 490,
            "rotation": 0,
            "_visibility": true,
            "_isLocked": false,
            "source": "",
            "sourceEnabled": false,
            "_id1.5": "1sjl6x",
            "resources": {
              "pointer0": {
                "46pbgk": [
                  "2a64335.png"
                ]
              }
            }
          },
          "children": []
        },
        {
          "id": "bdlmcc",
          "type": "JsFile",
          "attrs": {
            "sourceEnabled": false,
            "valueStart": 0,
            "valueEnd": 0,
            "angleStart": 0,
            "angleEnd": 360,
            "recolorEnable": true,
            "x": 20,
            "y": 389,
            "w": 152,
            "h": 64,
            "rotation": 0,
            "name": "JS/LUA程序1",
            "showImgFormat": false,
            "_visibility": true,
            "_isLocked": false,
            "resources": {
              "jsPreview": {
                "46pbgk": [
                  "27b7b63.png"
                ]
              }
            },
            "jsFilename": "_lua/code/shuishixueba.lua",
            "jsImgNames": [
              "_lua/code/game2048/1024.rle",
              "_lua/code/game2048/128.rle",
              "_lua/code/game2048/16.rle",
              "_lua/code/game2048/2.rle",
              "_lua/code/game2048/2048.rle",
              "_lua/code/game2048/256.rle",
              "_lua/code/game2048/32.rle",
              "_lua/code/game2048/4.rle",
              "_lua/code/game2048/4096.rle",
              "_lua/code/game2048/512.rle",
              "_lua/code/game2048/64.rle",
              "_lua/code/game2048/8.rle",
              "_lua/code/game2048/8192.rle",
              "_lua/code/game2048/arrow.rle",
              "_lua/code/game2048/bg.rle",
              "_lua/code/game2048/over.rle",
              "_lua/code/game2048/R67.rle",
              "_lua/code/game2048/score0.rle",
              "_lua/code/game2048/score1024.rle",
              "_lua/code/game2048/score128.rle",
              "_lua/code/game2048/score16.rle",
              "_lua/code/game2048/score16384.rle",
              "_lua/code/game2048/score2.rle",
              "_lua/code/game2048/score2048.rle",
              "_lua/code/game2048/score256.rle",
              "_lua/code/game2048/score32.rle",
              "_lua/code/game2048/score4.rle",
              "_lua/code/game2048/score4096.rle",
              "_lua/code/game2048/score48.rle",
              "_lua/code/game2048/score512.rle",
              "_lua/code/game2048/score64.rle",
              "_lua/code/game2048/score8.rle",
              "_lua/code/game2048/score8192.rle",
              "_lua/code/game2048/win.rle",
              "_lua/code/gameContent.txt",
              "_lua/code/historyBest.txt",
              "_lua/code/maxvalue.txt"
            ]
          }
        },
        {
          "id": "vi4on6",
          "type": "ImageArray",
          "attrs": {
            "sourceEnabled": true,
            "source": "dateWeek",
            "valueStart": 0,
            "valueEnd": 6,
            "angleStart": 0,
            "angleEnd": 360,
            "recolorEnable": true,
            "x": 16,
            "y": 131,
            "w": 66,
            "h": 24,
            "rotation": 0,
            "name": "图组",
            "showImgFormat": false,
            "_visibility": true,
            "_isLocked": false,
            "fillType": "普通填充",
            "align": "left",
            "space": 0,
            "widgetSpace": 0,
            "sourceProgressAccuracy": 10,
            "sourceWeatherType": "whole",
            "sourceHourMode": "system",
            "resources": {
              "images": {
                "46pbgk": [
                  "N66歌尔设计稿 (12)/b060978.png",
                  "N66歌尔设计稿 (12)/e2d446a.png",
                  "N66歌尔设计稿 (12)/22e7f20.png",
                  "N66歌尔设计稿 (12)/acde6c2.png",
                  "N66歌尔设计稿 (12)/a9ab077.png",
                  "N66歌尔设计稿 (12)/e4fc7a0.png",
                  "N66歌尔设计稿 (12)/b37c89e.png"
                ]
              }
            },
            "decimalOffsetX": "0",
            "trailingZero": false
          }
        },
        {
          "id": "5262dk",
          "type": "Image",
          "attrs": {
            "sourceEnabled": false,
            "valueStart": 0,
            "valueEnd": 0,
            "angleStart": 0,
            "angleEnd": 360,
            "recolorEnable": true,
            "x": 84,
            "y": 65,
            "w": 27,
            "h": 63,
            "rotation": 0,
            "name": "Frame 427322980",
            "showImgFormat": false,
            "_visibility": true,
            "_isLocked": false,
            "pointerFps": 1,
            "pointerRegionNum": 0,
            "shadowPointerOffsetY": 0,
            "resources": {
              "pointer0": {
                "46pbgk": [
                  "6404bd0.png"
                ]
              }
            }
          }
        },
        {
          "id": "hqrd98",
          "type": "ImageArray",
          "attrs": {
            "sourceEnabled": true,
            "source": "timeHourHigh",
            "valueStart": 0,
            "valueEnd": 2,
            "angleStart": 0,
            "angleEnd": 360,
            "recolorEnable": true,
            "x": 0,
            "y": 65,
            "w": 49,
            "h": 63,
            "rotation": 0,
            "name": "图组1",
            "showImgFormat": false,
            "_visibility": true,
            "_isLocked": false,
            "fillType": "普通填充",
            "align": "left",
            "space": 0,
            "widgetSpace": 0,
            "sourceProgressAccuracy": 10,
            "sourceWeatherType": "whole",
            "sourceHourMode": "system",
            "resources": {
              "images": {
                "46pbgk": [
                  "N66歌尔设计稿 (12)/c139888.png",
                  "N66歌尔设计稿 (12)/8380ee1.png",
                  "N66歌尔设计稿 (12)/b63b5f4.png"
                ]
              }
            },
            "decimalOffsetX": "0",
            "trailingZero": false
          }
        },
        {
          "id": "oqm8r7",
          "type": "ImageArray",
          "attrs": {
            "sourceEnabled": true,
            "source": "timeHourLow",
            "valueStart": 0,
            "valueEnd": 9,
            "angleStart": 0,
            "angleEnd": 360,
            "recolorEnable": true,
            "x": 43,
            "y": 65,
            "w": 49,
            "h": 63,
            "rotation": 0,
            "name": "图组2",
            "showImgFormat": false,
            "_visibility": true,
            "_isLocked": false,
            "fillType": "普通填充",
            "align": "left",
            "space": 0,
            "widgetSpace": 0,
            "sourceProgressAccuracy": 10,
            "sourceWeatherType": "whole",
            "sourceHourMode": "system",
            "resources": {
              "images": {
                "46pbgk": [
                  "N66歌尔设计稿 (12)/c139888.png",
                  "N66歌尔设计稿 (12)/8380ee1.png",
                  "N66歌尔设计稿 (12)/b63b5f4.png",
                  "N66歌尔设计稿 (12)/09b9482.png",
                  "N66歌尔设计稿 (12)/ddba190.png",
                  "N66歌尔设计稿 (12)/1ee1997.png",
                  "N66歌尔设计稿 (12)/9e0c7d6.png",
                  "N66歌尔设计稿 (12)/b6b9387.png",
                  "N66歌尔设计稿 (12)/0b7127f.png",
                  "N66歌尔设计稿 (12)/6c8e26d.png"
                ]
              }
            },
            "decimalOffsetX": "0",
            "trailingZero": false
          }
        },
        {
          "id": "8pfmmp",
          "type": "ImageArray",
          "attrs": {
            "sourceEnabled": true,
            "source": "timeMinuteHigh",
            "valueStart": 0,
            "valueEnd": 5,
            "angleStart": 0,
            "angleEnd": 360,
            "recolorEnable": true,
            "x": 103,
            "y": 65,
            "w": 49,
            "h": 63,
            "rotation": 0,
            "name": "图组3",
            "showImgFormat": false,
            "_visibility": true,
            "_isLocked": false,
            "fillType": "普通填充",
            "align": "left",
            "space": 0,
            "widgetSpace": 0,
            "sourceProgressAccuracy": 10,
            "sourceWeatherType": "whole",
            "sourceHourMode": "system",
            "resources": {
              "images": {
                "46pbgk": [
                  "N66歌尔设计稿 (12)/c139888.png",
                  "N66歌尔设计稿 (12)/8380ee1.png",
                  "N66歌尔设计稿 (12)/b63b5f4.png",
                  "N66歌尔设计稿 (12)/09b9482.png",
                  "N66歌尔设计稿 (12)/ddba190.png",
                  "N66歌尔设计稿 (12)/1ee1997.png"
                ]
              }
            },
            "decimalOffsetX": "0",
            "trailingZero": false
          }
        },
        {
          "id": "ubco0p",
          "type": "ImageArray",
          "attrs": {
            "sourceEnabled": true,
            "source": "timeMinuteLow",
            "valueStart": 0,
            "valueEnd": 9,
            "angleStart": 0,
            "angleEnd": 360,
            "recolorEnable": true,
            "x": 143,
            "y": 65,
            "w": 49,
            "h": 63,
            "rotation": 0,
            "name": "图组4",
            "showImgFormat": false,
            "_visibility": true,
            "_isLocked": false,
            "fillType": "普通填充",
            "align": "left",
            "space": 0,
            "widgetSpace": 0,
            "sourceProgressAccuracy": 10,
            "sourceWeatherType": "whole",
            "sourceHourMode": "system",
            "resources": {
              "images": {
                "46pbgk": [
                  "N66歌尔设计稿 (12)/c139888.png",
                  "N66歌尔设计稿 (12)/8380ee1.png",
                  "N66歌尔设计稿 (12)/b63b5f4.png",
                  "N66歌尔设计稿 (12)/09b9482.png",
                  "N66歌尔设计稿 (12)/ddba190.png",
                  "N66歌尔设计稿 (12)/1ee1997.png",
                  "N66歌尔设计稿 (12)/9e0c7d6.png",
                  "N66歌尔设计稿 (12)/b6b9387.png",
                  "N66歌尔设计稿 (12)/0b7127f.png",
                  "N66歌尔设计稿 (12)/6c8e26d.png"
                ]
              }
            },
            "decimalOffsetX": "0",
            "trailingZero": false
          }
        },
        {
          "id": "req20m",
          "type": "ImageArray",
          "attrs": {
            "sourceEnabled": true,
            "source": "date",
            "valueStart": 1,
            "valueEnd": 12,
            "angleStart": 0,
            "angleEnd": 360,
            "recolorEnable": true,
            "x": 92,
            "y": 131,
            "w": 17,
            "h": 24,
            "rotation": 0,
            "name": "图组6",
            "showImgFormat": false,
            "_visibility": true,
            "_isLocked": false,
            "fillType": "数字填充",
            "align": "left",
            "space": 0,
            "widgetSpace": 0,
            "sourceProgressAccuracy": 10,
            "sourceWeatherType": "whole",
            "sourceFormat": 11,
            "sourceHourMode": "system",
            "resources": {
              "images": {
                "46pbgk": [
                  "N66歌尔设计稿 (12)/db423cc.png",
                  "N66歌尔设计稿 (12)/d25ac40.png",
                  "N66歌尔设计稿 (12)/b940878.png",
                  "N66歌尔设计稿 (12)/b03329b.png",
                  "N66歌尔设计稿 (12)/2977f30.png",
                  "N66歌尔设计稿 (12)/f3cf280.png",
                  "N66歌尔设计稿 (12)/db60bbf.png",
                  "N66歌尔设计稿 (12)/bc81f9c.png",
                  "N66歌尔设计稿 (12)/be97c22.png",
                  "N66歌尔设计稿 (12)/dd0fdc2.png"
                ]
              },
              "unitIcon": {
                "46pbgk": [
                  "c5b23e8.png"
                ]
              }
            },
            "decimalOffsetX": "0",
            "trailingZero": false
          }
        }
      ],
      "preview": "_preview/样式1亮屏预览图.png"
    },
    {
      "id": "u1u54n",
      "bgColor": "",
      "name": "样式1",
      "type": "AOD",
      "colorGroupTable": [
        {
          "id": "ssyt4p",
          "name": "配色1",
          "color": "#ffffff"
        }
      ],
      "children": [],
      "preview": "_preview/样式1息屏预览图.png"
    }
  ],
  "i18n": {
    "translations": {},
    "locales": []
  },
  "formats": {
    "0_40543265-6750-4034-a233-ea72186e723c.png": "indexed8",
    "0_b2d84837-cf14-4a97-93d7-a798bdc06080.png": "indexed8",
    "1_74d6c6b1-30aa-4c45-8c0e-d3f605f38818.png": "indexed8",
    "1_e81917ae-ac04-4bc7-92b9-03f4b3ff4b32.png": "indexed8",
    "2_22365c37-9ab5-4d9c-8b9e-8a6579e93ebc.png": "indexed8",
    "2_9385dcfe-2b86-4042-aad8-1bd14cbb233b.png": "indexed8",
    "3_660808ba-717c-49d3-8de3-ad53c9b869ab.png": "indexed8",
    "3_c73f72c4-544e-413a-a0af-b50f2ea0a16a.png": "indexed8",
    "4_367734cf-faba-4269-ab76-34d5faa23019.png": "indexed8",
    "4_c84869bd-b00c-46a2-8566-ed6c79deb080.png": "indexed8",
    "5_62a83703-0b6d-4d60-b7ae-5ebc231eda43.png": "indexed8",
    "5_77f4463b-6d06-4756-8e7f-4ea4911d92d8.png": "indexed8",
    "6_01d6ba08-79fc-49d2-a535-25c52fd79ed2.png": "indexed8",
    "6_f169e96b-dc63-4dfc-9276-506abec02431.png": "indexed8",
    "7_b9dbec6f-f03e-41ce-8b10-86586750788a.png": "indexed8",
    "7_cf9a7688-bf58-4302-8330-6d2027199a44.png": "indexed8",
    "8_0d986c00-786d-47d9-bd17-6e965711d352.png": "indexed8",
    "8_32105093-83e2-4dae-a26d-952e219ff623.png": "indexed8",
    "9_0c943c2d-bad9-477a-a2b0-8f36398f488d.png": "indexed8",
    "9_44f6bd7a-9d3d-4351-936b-326f000a41ab.png": "indexed8",
    "Frame 11615_6030e995-501a-4da3-a6e0-cd964c7499d2.png": "indexed8",
    "Frame 11616_3296edfc-c373-4214-b8f4-1279c6283345.png": "indexed8",
    "Frame 11617_ac6855cb-04ba-4bd1-89f5-084d362a092d.png": "indexed8",
    "Frame 11618_9099260d-91ff-4e45-bc19-0c1118dfd143.png": "indexed8",
    "Frame 11619_978b3b32-f202-4136-a94c-fa7c9191f9fe.png": "indexed8",
    "Frame 11620_1e229292-e0a6-4696-9704-781b24ca7c8a.png": "indexed8",
    "Frame 11621_f811f1aa-5f52-443e-8b84-2e6577311363.png": "indexed8",
    "Frame 11622_85700382-a400-41b4-baf1-a46e283525f9.png": "indexed8",
    "Frame 11623_7a1633d4-268b-4280-9db9-87d100bdec86.png": "indexed8",
    "Frame 11624_ce380581-8673-4fdb-b118-577d1e340bb3.png": "indexed8",
    "Frame 11625_b47359a9-de80-4b14-83ef-5571029df12d.png": "indexed8",
    "Frame 11626_9ddee20b-6024-47ad-9ea9-4fc3fff2fdf5.png": "indexed8",
    "Frame 11628_807da4ab-46be-48b9-99ba-c70d85ed70c2.png": "indexed8",
    "Frame 11629_0a9cee66-a5c4-442c-9879-efa09d45dd87.png": "indexed8",
    "Frame 11631_b13805ad-c17d-4769-8171-b9793dde237a.png": "indexed8",
    "Rectangle 4990_db9b105d-4fe7-4b19-9830-b6449617fcaf.png": "indexed8",
    "电池-10_207a0fd2-c5c8-4b09-b182-2c98b11e4371.png": "indexed8",
    "电池-1_5ff51a14-8608-459c-9c7d-b84bbf99bd68.png": "indexed8",
    "电池-2_6a744593-321d-401b-aec3-2026d194c9f0.png": "indexed8",
    "电池-3_f45742d6-cb56-4bb0-8717-34f9e0e88f19.png": "indexed8",
    "电池-4_3a26fad6-ca35-49c4-97f6-247c891c147a.png": "indexed8",
    "电池-5_c57281a8-c451-4b3a-bb2e-70c4a22c9920.png": "indexed8",
    "电池-6_1a61964a-3275-405a-8edb-14b8a47ca1e4.png": "indexed8",
    "电池-7_c90b9d39-c15d-4582-a77d-88fec620dc35.png": "indexed8",
    "电池-8_19b866a8-f62a-4cd4-ad70-52211f4b649f.png": "indexed8",
    "电池-9_61049779-bfa7-46bb-a28f-6a8a35f13960.png": "indexed8",
    "电池_826eef7f-96e8-43d9-b4af-5b4aef890eb5.png": "indexed8",
    "_preview/fe9b416.png": "indexed8",
    "_preview/0401eeb.png": "indexed8",
    "366210105_/e5b5a97.png": "indexed8",
    "_preview/样式1息屏预览图.png": "indexed8",
    "_preview/样式1亮屏预览图.png": "indexed8",
    "a478ce3.png": "indexed8",
    "fe8b8a4.png": "indexed8",
    "M66市场表盘-移植/a8cd1bc.png": "indexed8",
    "M66市场表盘-移植/c32ca74.png": "indexed8",
    "M66市场表盘-移植/cf81adf.png": "indexed8",
    "M66市场表盘-移植/ba4f31f.png": "indexed8",
    "M66市场表盘-移植/3831789.png": "indexed8",
    "M66市场表盘-移植/5d5a355.png": "indexed8",
    "M66市场表盘-移植/f65c5a8.png": "indexed8",
    "M66市场表盘-移植/56551d3.png": "indexed8",
    "M66市场表盘-移植/f5e1dd8.png": "indexed8",
    "M66市场表盘-移植/fda162c.png": "indexed8",
    "M66市场表盘-移植/a84db3a.png": "indexed8",
    "M66市场表盘-移植/21fda36.png": "indexed8",
    "M66市场表盘-移植/d85beb7.png": "indexed8",
    "M66市场表盘-移植/b787f17.png": "indexed8",
    "M66市场表盘-移植/c14648d.png": "indexed8",
    "M66市场表盘-移植/0d17bcb.png": "indexed8",
    "M66市场表盘-移植/6a5a201.png": "indexed8",
    "M66市场表盘-移植/509ce57.png": "indexed8",
    "M66市场表盘-移植/7fb6a8c.png": "indexed8",
    "M66市场表盘-移植/755000f.png": "indexed8",
    "M66市场表盘-移植/a7f5e2f.png": "indexed8",
    "M66市场表盘-移植/a615cd8.png": "indexed8",
    "M66市场表盘-移植/6ff2ddd.png": "indexed8",
    "M66市场表盘-移植/6914631.png": "indexed8",
    "M66市场表盘-移植/e5fdaf5.png": "indexed8",
    "M66市场表盘-移植/274667a.png": "indexed8",
    "M66市场表盘-移植/e08bc8a.png": "indexed8",
    "M66市场表盘-移植/800c905.png": "indexed8",
    "M66市场表盘-移植/c4d18a1.png": "indexed8",
    "M66市场表盘-移植/cfb8729.png": "indexed8",
    "9cf8b09.png": "indexed8",
    "M66市场表盘-移植/00eb36a.png": "indexed8",
    "M66市场表盘-移植/7639902.png": "indexed8",
    "M66市场表盘-移植/3786960.png": "indexed8",
    "M66市场表盘-移植/42e2eb6.png": "indexed8",
    "M66市场表盘-移植/b65a58b.png": "indexed8",
    "M66市场表盘-移植/a69639c.png": "indexed8",
    "M66市场表盘-移植/2d291f2.png": "indexed8",
    "d1f6e89.png": "indexed8",
    "7173fa1.png": "indexed8",
    "f778a87.png": "indexed8",
    "_lua/code/game/0.indexed_8.rle.png": "indexed8",
    "_lua/code/game/1.indexed_8.rle.png": "indexed8",
    "_lua/code/game/10.indexed_8.rle.png": "indexed8",
    "_lua/code/game/2.indexed_8.rle.png": "indexed8",
    "_lua/code/game/3.indexed_8.rle.png": "indexed8",
    "_lua/code/game/4.indexed_8.rle.png": "indexed8",
    "_lua/code/game/5.indexed_8.rle.png": "indexed8",
    "_lua/code/game/6.indexed_8.rle.png": "indexed8",
    "_lua/code/game/7.indexed_8.rle.png": "indexed8",
    "_lua/code/game/8.indexed_8.rle.png": "indexed8",
    "_lua/code/game/9.indexed_8.rle.png": "indexed8",
    "_lua/code/game/bg.indexed_8.rle.png": "indexed8",
    "_lua/code/game/click.indexed_8.rle.png": "indexed8",
    "_lua/code/game/fail.indexed_8.rle.png": "indexed8",
    "_lua/code/game/file0.indexed_8.rle.png": "indexed8",
    "_lua/code/game/file1.indexed_8.rle.png": "indexed8",
    "_lua/code/game/file2.indexed_8.rle.png": "indexed8",
    "_lua/code/game/file3.indexed_8.rle.png": "indexed8",
    "_lua/code/game/file4.indexed_8.rle.png": "indexed8",
    "_lua/code/game/file5.indexed_8.rle.png": "indexed8",
    "_lua/code/game/file6.indexed_8.rle.png": "indexed8",
    "_lua/code/game/file7.indexed_8.rle.png": "indexed8",
    "_lua/code/game/file8.indexed_8.rle.png": "indexed8",
    "_lua/code/game/file9.indexed_8.rle.png": "indexed8",
    "_lua/code/game/get0.indexed_8.rle.png": "indexed8",
    "_lua/code/game/get1.indexed_8.rle.png": "indexed8",
    "_lua/code/game/get2.indexed_8.rle.png": "indexed8",
    "_lua/code/game/get3.indexed_8.rle.png": "indexed8",
    "_lua/code/game/get4.indexed_8.rle.png": "indexed8",
    "_lua/code/game/get5.indexed_8.rle.png": "indexed8",
    "_lua/code/game/get6.indexed_8.rle.png": "indexed8",
    "_lua/code/game/get7.indexed_8.rle.png": "indexed8",
    "_lua/code/game/get8.indexed_8.rle.png": "indexed8",
    "_lua/code/game/get9.indexed_8.rle.png": "indexed8",
    "_lua/code/game/return.indexed_8.rle.png": "indexed8",
    "_lua/code/game/s1.indexed_8.rle.png": "indexed8",
    "_lua/code/game/s10.indexed_8.rle.png": "indexed8",
    "_lua/code/game/s11.indexed_8.rle.png": "indexed8",
    "_lua/code/game/s2.indexed_8.rle.png": "indexed8",
    "_lua/code/game/s3.indexed_8.rle.png": "indexed8",
    "_lua/code/game/s4.indexed_8.rle.png": "indexed8",
    "_lua/code/game/s5.indexed_8.rle.png": "indexed8",
    "_lua/code/game/s6.indexed_8.rle.png": "indexed8",
    "_lua/code/game/s7.indexed_8.rle.png": "indexed8",
    "_lua/code/game/s8.indexed_8.rle.png": "indexed8",
    "_lua/code/game/s9.indexed_8.rle.png": "indexed8",
    "_lua/code/game/sig1.indexed_8.rle.png": "indexed8",
    "_lua/code/game/sig2.indexed_8.rle.png": "indexed8",
    "_lua/code/game/sig3.indexed_8.rle.png": "indexed8",
    "_lua/code/game/star.indexed_8.rle.png": "indexed8",
    "_lua/code/game/succeed.indexed_8.rle.png": "indexed8",
    "_lua/code/game/t.indexed_8.rle.png": "indexed8",
    "_lua/code/game/t0.indexed_8.rle.png": "indexed8",
    "_lua/code/game/t1.indexed_8.rle.png": "indexed8",
    "_lua/code/game/t2.indexed_8.rle.png": "indexed8",
    "_lua/code/game/t3.indexed_8.rle.png": "indexed8",
    "_lua/code/game/t4.indexed_8.rle.png": "indexed8",
    "_lua/code/game/t5.indexed_8.rle.png": "indexed8",
    "_lua/code/game/t6.indexed_8.rle.png": "indexed8",
    "_lua/code/game/t7.indexed_8.rle.png": "indexed8",
    "_lua/code/game/t8.indexed_8.rle.png": "indexed8",
    "_lua/code/game/t9.indexed_8.rle.png": "indexed8",
    "_lua/code/game/top0.indexed_8.rle.png": "indexed8",
    "_lua/code/game/top1.indexed_8.rle.png": "indexed8",
    "_lua/code/game/top2.indexed_8.rle.png": "indexed8",
    "_lua/code/game/top3.indexed_8.rle.png": "indexed8",
    "_lua/code/game/top4.indexed_8.rle.png": "indexed8",
    "_lua/code/game/top5.indexed_8.rle.png": "indexed8",
    "_lua/code/game/top6.indexed_8.rle.png": "indexed8",
    "_lua/code/game/top7.indexed_8.rle.png": "indexed8",
    "_lua/code/game/top8.indexed_8.rle.png": "indexed8",
    "_lua/code/game/top9.indexed_8.rle.png": "indexed8",
    "time/e9b8ddf.png": "indexed8",
    "time/d5b78c4.png": "indexed8",
    "time/17b19d9.png": "indexed8",
    "M66市场表盘-移植资源1/e9b8ddf.png": "indexed8",
    "M66市场表盘-移植资源1/d5b78c4.png": "indexed8",
    "M66市场表盘-移植资源1/17b19d9.png": "indexed8",
    "M66市场表盘-移植资源/e9b8ddf.png": "indexed8",
    "M66市场表盘-移植资源/d5b78c4.png": "indexed8",
    "M66市场表盘-移植资源/17b19d9.png": "indexed8",
    "M66市场表盘-移植资源/f394d56.png": "indexed8",
    "M66市场表盘-移植资源/72440be.png": "indexed8",
    "M66市场表盘-移植资源/d32b32d.png": "indexed8",
    "M66市场表盘-移植资源/5906b9c.png": "indexed8",
    "M66市场表盘-移植资源/f8a9009.png": "indexed8",
    "M66市场表盘-移植资源/c608ec2.png": "indexed8",
    "M66市场表盘-移植资源/41bde76.png": "indexed8",
    "79dc7da.png": "indexed8",
    "2ea7dd9.png": "indexed8",
    "M66市场表盘-移植资源/c2e92e4.png": "indexed8",
    "M66市场表盘-移植资源/dde4a47.png": "indexed8",
    "M66市场表盘-移植资源/a4fe6d0.png": "indexed8",
    "M66市场表盘-移植资源/3f025cb.png": "indexed8",
    "M66市场表盘-移植资源/01cde2f.png": "indexed8",
    "M66市场表盘-移植资源/084c701.png": "indexed8",
    "M66市场表盘-移植资源/7219cae.png": "indexed8",
    "M66市场表盘-移植资源/c6bfe74.png": "indexed8",
    "M66市场表盘-移植资源/191558d.png": "indexed8",
    "M66市场表盘-移植资源/2907312.png": "indexed8",
    "4fcb40a.png": "indexed8",
    "M66市场表盘-移植资源/0_cc126ee.png": "indexed8",
    "M66市场表盘-移植资源/1_d4f410f.png": "indexed8",
    "M66市场表盘-移植资源/2_ee9ece8.png": "indexed8",
    "M66市场表盘-移植资源/3_b8dbe6d.png": "indexed8",
    "M66市场表盘-移植资源/4_27cfccf.png": "indexed8",
    "M66市场表盘-移植资源/5_ee29a85.png": "indexed8",
    "M66市场表盘-移植资源/6_e6440f3.png": "indexed8",
    "M66市场表盘-移植资源/7_57fce5b.png": "indexed8",
    "M66市场表盘-移植资源/8_8931ecf.png": "indexed8",
    "M66市场表盘-移植资源/9_48ec5f2.png": "indexed8",
    "a681b5f.png": "indexed8",
    "M66市场表盘-移植资源/5ae7818.png": "indexed8",
    "M66市场表盘-移植资源/68c85f2.png": "indexed8",
    "M66市场表盘-移植资源/003bafb.png": "indexed8",
    "M66市场表盘-移植资源/d2a67c4.png": "indexed8",
    "M66市场表盘-移植资源/b703557.png": "indexed8",
    "M66市场表盘-移植资源/dd04dec.png": "indexed8",
    "M66市场表盘-移植资源/1cc2565.png": "indexed8",
    "6af27fb.png": "indexed8",
    "b6672f9.png": "indexed8",
    "c487414.png": "indexed8",
    "b113a29.png": "indexed8",
    "_emptyImage.png": "indexed8",
    "_lua/code/game2048/1024.indexed_8.rle.png": "indexed8",
    "_lua/code/game2048/128.indexed_8.rle.png": "indexed8",
    "_lua/code/game2048/16.indexed_8.rle.png": "indexed8",
    "_lua/code/game2048/2.indexed_8.rle.png": "indexed8",
    "_lua/code/game2048/2048.indexed_8.rle.png": "indexed8",
    "_lua/code/game2048/256.indexed_8.rle.png": "indexed8",
    "_lua/code/game2048/32.indexed_8.rle.png": "indexed8",
    "_lua/code/game2048/4.indexed_8.rle.png": "indexed8",
    "_lua/code/game2048/4096.indexed_8.rle.png": "indexed8",
    "_lua/code/game2048/512.indexed_8.rle.png": "indexed8",
    "_lua/code/game2048/64.indexed_8.rle.png": "indexed8",
    "_lua/code/game2048/8.indexed_8.rle.png": "indexed8",
    "_lua/code/game2048/8192.indexed_8.rle.png": "indexed8",
    "_lua/code/game2048/arrow.indexed_8.rle.png": "indexed8",
    "_lua/code/game2048/bg.indexed_8.rle.png": "indexed8",
    "_lua/code/game2048/over.indexed_8.rle.png": "indexed8",
    "_lua/code/game2048/R67.indexed_8.rle.png": "indexed8",
    "_lua/code/game2048/score0.indexed_8.rle.png": "indexed8",
    "_lua/code/game2048/score1024.indexed_8.rle.png": "indexed8",
    "_lua/code/game2048/score128.indexed_8.rle.png": "indexed8",
    "_lua/code/game2048/score16.indexed_8.rle.png": "indexed8",
    "_lua/code/game2048/score16384.indexed_8.rle.png": "indexed8",
    "_lua/code/game2048/score2.indexed_8.rle.png": "indexed8",
    "_lua/code/game2048/score2048.indexed_8.rle.png": "indexed8",
    "_lua/code/game2048/score256.indexed_8.rle.png": "indexed8",
    "_lua/code/game2048/score32.indexed_8.rle.png": "indexed8",
    "_lua/code/game2048/score4.indexed_8.rle.png": "indexed8",
    "_lua/code/game2048/score4096.indexed_8.rle.png": "indexed8",
    "_lua/code/game2048/score48.indexed_8.rle.png": "indexed8",
    "_lua/code/game2048/score512.indexed_8.rle.png": "indexed8",
    "_lua/code/game2048/score64.indexed_8.rle.png": "indexed8",
    "_lua/code/game2048/score8.indexed_8.rle.png": "indexed8",
    "_lua/code/game2048/score8192.indexed_8.rle.png": "indexed8",
    "_lua/code/game2048/win.indexed_8.rle.png": "indexed8",
    "2a64335.png": "indexed8",
    "27b7b63.png": "indexed8",
    "N66歌尔设计稿 (12)/e2d446a.png": "indexed8",
    "N66歌尔设计稿 (12)/22e7f20.png": "indexed8",
    "N66歌尔设计稿 (12)/acde6c2.png": "indexed8",
    "N66歌尔设计稿 (12)/a9ab077.png": "indexed8",
    "N66歌尔设计稿 (12)/e4fc7a0.png": "indexed8",
    "N66歌尔设计稿 (12)/b37c89e.png": "indexed8",
    "N66歌尔设计稿 (12)/b060978.png": "indexed8",
    "N66歌尔设计稿 (12)/db423cc.png": "indexed8",
    "N66歌尔设计稿 (12)/d25ac40.png": "indexed8",
    "N66歌尔设计稿 (12)/b940878.png": "indexed8",
    "N66歌尔设计稿 (12)/b03329b.png": "indexed8",
    "N66歌尔设计稿 (12)/2977f30.png": "indexed8",
    "N66歌尔设计稿 (12)/f3cf280.png": "indexed8",
    "c5b23e8.png": "indexed8",
    "N66歌尔设计稿 (12)/bc81f9c.png": "indexed8",
    "N66歌尔设计稿 (12)/be97c22.png": "indexed8",
    "N66歌尔设计稿 (12)/db60bbf.png": "indexed8",
    "N66歌尔设计稿 (12)/dd0fdc2.png": "indexed8",
    "6404bd0.png": "indexed8",
    "N66歌尔设计稿 (12)/c139888.png": "indexed8",
    "N66歌尔设计稿 (12)/8380ee1.png": "indexed8",
    "N66歌尔设计稿 (12)/b63b5f4.png": "indexed8",
    "N66歌尔设计稿 (12)/09b9482.png": "indexed8",
    "N66歌尔设计稿 (12)/ddba190.png": "indexed8",
    "N66歌尔设计稿 (12)/1ee1997.png": "indexed8",
    "N66歌尔设计稿 (12)/9e0c7d6.png": "indexed8",
    "N66歌尔设计稿 (12)/b6b9387.png": "indexed8",
    "N66歌尔设计稿 (12)/0b7127f.png": "indexed8",
    "N66歌尔设计稿 (12)/6c8e26d.png": "indexed8"
  }
}