<?xml version="1.0" encoding="utf-8"?>
<Watchface name="游戏2048" width="192" height="490" id="120917345607" SKU="false" compressMethod="RLEReversed" editable="false">
    <Resources>
        <Image name="Image1" src="_preview/样式1亮屏预览图.png" compressMethod="RLEReversed" format="indexed8"/>
        <Image name="Image2" src="2a64335.png" compressMethod="RLEReversed" format="indexed8"/>
        <Image name="Image3" src="27b7b63.png" compressMethod="RLEReversed" format="indexed8"/>
        <Image name="Image4" src="6404bd0.png" compressMethod="RLEReversed" format="indexed8"/>
        <Image name="Image5" src="c5b23e8.png" compressMethod="RLEReversed" format="indexed8"/>
        <ImageArray name="ImageArray1" compressMethod="RLEReversed" format="indexed8">
            <Image src="N66歌尔设计稿 (12)/b060978.png"/>
            <Image src="N66歌尔设计稿 (12)/e2d446a.png"/>
            <Image src="N66歌尔设计稿 (12)/22e7f20.png"/>
            <Image src="N66歌尔设计稿 (12)/acde6c2.png"/>
            <Image src="N66歌尔设计稿 (12)/a9ab077.png"/>
            <Image src="N66歌尔设计稿 (12)/e4fc7a0.png"/>
            <Image src="N66歌尔设计稿 (12)/b37c89e.png"/>
        </ImageArray>
        <ImageArray name="ImageArray2" compressMethod="RLEReversed" format="indexed8">
            <Image src="N66歌尔设计稿 (12)/c139888.png"/>
            <Image src="N66歌尔设计稿 (12)/8380ee1.png"/>
            <Image src="N66歌尔设计稿 (12)/b63b5f4.png"/>
        </ImageArray>
        <ImageArray name="ImageArray3" compressMethod="RLEReversed" format="indexed8">
            <Image src="N66歌尔设计稿 (12)/c139888.png"/>
            <Image src="N66歌尔设计稿 (12)/8380ee1.png"/>
            <Image src="N66歌尔设计稿 (12)/b63b5f4.png"/>
            <Image src="N66歌尔设计稿 (12)/09b9482.png"/>
            <Image src="N66歌尔设计稿 (12)/ddba190.png"/>
            <Image src="N66歌尔设计稿 (12)/1ee1997.png"/>
            <Image src="N66歌尔设计稿 (12)/9e0c7d6.png"/>
            <Image src="N66歌尔设计稿 (12)/b6b9387.png"/>
            <Image src="N66歌尔设计稿 (12)/0b7127f.png"/>
            <Image src="N66歌尔设计稿 (12)/6c8e26d.png"/>
        </ImageArray>
        <ImageArray name="ImageArray4" compressMethod="RLEReversed" format="indexed8">
            <Image src="N66歌尔设计稿 (12)/c139888.png"/>
            <Image src="N66歌尔设计稿 (12)/8380ee1.png"/>
            <Image src="N66歌尔设计稿 (12)/b63b5f4.png"/>
            <Image src="N66歌尔设计稿 (12)/09b9482.png"/>
            <Image src="N66歌尔设计稿 (12)/ddba190.png"/>
            <Image src="N66歌尔设计稿 (12)/1ee1997.png"/>
        </ImageArray>
        <ImageArray name="ImageArray5" compressMethod="RLEReversed" format="indexed8">
            <Image src="N66歌尔设计稿 (12)/db423cc.png"/>
            <Image src="N66歌尔设计稿 (12)/d25ac40.png"/>
            <Image src="N66歌尔设计稿 (12)/b940878.png"/>
            <Image src="N66歌尔设计稿 (12)/b03329b.png"/>
            <Image src="N66歌尔设计稿 (12)/2977f30.png"/>
            <Image src="N66歌尔设计稿 (12)/f3cf280.png"/>
            <Image src="N66歌尔设计稿 (12)/db60bbf.png"/>
            <Image src="N66歌尔设计稿 (12)/bc81f9c.png"/>
            <Image src="N66歌尔设计稿 (12)/be97c22.png"/>
            <Image src="N66歌尔设计稿 (12)/dd0fdc2.png"/>
        </ImageArray>
        <File fileName="_lua/code/shuishixueba.lua" name="_lua/code/shuishixueba.lua" preview="@Image3"/>
        <Widget name="Widget1" widgetName="JS/LUA程序1" w="152" h="64" jumpApp="luaApplication" args="@_lua/code/shuishixueba.lua">
            <Item x="0" y="0" ref="@Image3"/>
        </Widget>
        <File fileName="_lua/code/game2048/1024.rle" name="_lua/code/game2048/1024.rle"/>
        <File fileName="_lua/code/game2048/128.rle" name="_lua/code/game2048/128.rle"/>
        <File fileName="_lua/code/game2048/16.rle" name="_lua/code/game2048/16.rle"/>
        <File fileName="_lua/code/game2048/2.rle" name="_lua/code/game2048/2.rle"/>
        <File fileName="_lua/code/game2048/2048.rle" name="_lua/code/game2048/2048.rle"/>
        <File fileName="_lua/code/game2048/256.rle" name="_lua/code/game2048/256.rle"/>
        <File fileName="_lua/code/game2048/32.rle" name="_lua/code/game2048/32.rle"/>
        <File fileName="_lua/code/game2048/4.rle" name="_lua/code/game2048/4.rle"/>
        <File fileName="_lua/code/game2048/4096.rle" name="_lua/code/game2048/4096.rle"/>
        <File fileName="_lua/code/game2048/512.rle" name="_lua/code/game2048/512.rle"/>
        <File fileName="_lua/code/game2048/64.rle" name="_lua/code/game2048/64.rle"/>
        <File fileName="_lua/code/game2048/8.rle" name="_lua/code/game2048/8.rle"/>
        <File fileName="_lua/code/game2048/8192.rle" name="_lua/code/game2048/8192.rle"/>
        <File fileName="_lua/code/game2048/arrow.rle" name="_lua/code/game2048/arrow.rle"/>
        <File fileName="_lua/code/game2048/bg.rle" name="_lua/code/game2048/bg.rle"/>
        <File fileName="_lua/code/game2048/over.rle" name="_lua/code/game2048/over.rle"/>
        <File fileName="_lua/code/game2048/R67.rle" name="_lua/code/game2048/R67.rle"/>
        <File fileName="_lua/code/game2048/score0.rle" name="_lua/code/game2048/score0.rle"/>
        <File fileName="_lua/code/game2048/score1024.rle" name="_lua/code/game2048/score1024.rle"/>
        <File fileName="_lua/code/game2048/score128.rle" name="_lua/code/game2048/score128.rle"/>
        <File fileName="_lua/code/game2048/score16.rle" name="_lua/code/game2048/score16.rle"/>
        <File fileName="_lua/code/game2048/score16384.rle" name="_lua/code/game2048/score16384.rle"/>
        <File fileName="_lua/code/game2048/score2.rle" name="_lua/code/game2048/score2.rle"/>
        <File fileName="_lua/code/game2048/score2048.rle" name="_lua/code/game2048/score2048.rle"/>
        <File fileName="_lua/code/game2048/score256.rle" name="_lua/code/game2048/score256.rle"/>
        <File fileName="_lua/code/game2048/score32.rle" name="_lua/code/game2048/score32.rle"/>
        <File fileName="_lua/code/game2048/score4.rle" name="_lua/code/game2048/score4.rle"/>
        <File fileName="_lua/code/game2048/score4096.rle" name="_lua/code/game2048/score4096.rle"/>
        <File fileName="_lua/code/game2048/score48.rle" name="_lua/code/game2048/score48.rle"/>
        <File fileName="_lua/code/game2048/score512.rle" name="_lua/code/game2048/score512.rle"/>
        <File fileName="_lua/code/game2048/score64.rle" name="_lua/code/game2048/score64.rle"/>
        <File fileName="_lua/code/game2048/score8.rle" name="_lua/code/game2048/score8.rle"/>
        <File fileName="_lua/code/game2048/score8192.rle" name="_lua/code/game2048/score8192.rle"/>
        <File fileName="_lua/code/game2048/win.rle" name="_lua/code/game2048/win.rle"/>
        <File fileName="_lua/code/gameContent.txt" name="_lua/code/gameContent.txt"/>
        <File fileName="_lua/code/historyBest.txt" name="_lua/code/historyBest.txt"/>
        <File fileName="_lua/code/maxvalue.txt" name="_lua/code/maxvalue.txt"/>
        <DataItemImageValues name="ImageValues1" source="dateWeek" ref="@ImageArray1" rotation="0" supportRecolor="false"/>
        <DataItemImageValues name="ImageValues2" source="timeHourHigh" ref="@ImageArray2" rotation="0" supportRecolor="false"/>
        <DataItemImageValues name="ImageValues3" source="timeHourLow" ref="@ImageArray3" rotation="0" supportRecolor="false"/>
        <DataItemImageValues name="ImageValues4" source="timeMinuteHigh" ref="@ImageArray4" rotation="0" supportRecolor="false"/>
        <DataItemImageValues name="ImageValues5" source="timeMinuteLow" ref="@ImageArray3" rotation="0" supportRecolor="false"/>
        <DataItemImageNumber name="ImageNumber1" source="dateMonth" ref="@ImageArray5" rotation="0" leadingZero="false" decimalOffsetX="0" trailingZero="false" totalDigits="2" decimalDigits="0" supportRecolor="false" parameter="1000" renderRule="alwaysShow" align="left" space="0"/>
        <DataItemImageNumber name="ImageNumber2" source="dateDay" ref="@ImageArray5" rotation="0" leadingZero="false" decimalOffsetX="0" trailingZero="false" totalDigits="2" decimalDigits="0" supportRecolor="false" parameter="1000" renderRule="alwaysShow" align="left" space="0"/>
        <Widget name="Widget2" flex_direction="row" justify_content="flex-start" align_items="center" gap="0" w="85" h="24">
            <Item ref="@ImageNumber1" x="92" y="131"/>
            <Item ref="@Image5" x="92" y="131"/>
            <Item ref="@ImageNumber2" x="92" y="131"/>
        </Widget>
    </Resources>
    <Theme type="normal" name="样式1" bgColor="" isPhotoAlbumWatchface="false" preview="@Image1">
        <Layout ref="@Image2" x="1" y="0"/>
        <Layout ref="@Widget1" x="20" y="389"/>
        <Layout ref="@ImageValues1" x="16" y="131"/>
        <Layout ref="@Image4" x="84" y="65"/>
        <Layout ref="@ImageValues2" x="0" y="65"/>
        <Layout ref="@ImageValues3" x="43" y="65"/>
        <Layout ref="@ImageValues4" x="103" y="65"/>
        <Layout ref="@ImageValues5" x="143" y="65"/>
        <Layout ref="@Widget2" x="92" y="131"/>
    </Theme>
    <Theme type="AOD" name="样式1" bgColor="" isPhotoAlbumWatchface="false"/>
</Watchface>