<?xml version="1.0" encoding="utf-8"?>
<Watchface name="游戏谁是学霸" width="192" height="490" id="120917345386" SKU="false" compressMethod="RLEReversed" editable="false">
    <Resources>
        <Image name="Image1" src="_preview/样式1亮屏预览图.png" compressMethod="RLEReversed" format="indexed8"/>
        <Image name="Image2" src="a478ce3.png" compressMethod="RLEReversed" format="indexed8"/>
        <Image name="Image3" src="9cf8b09.png" compressMethod="RLEReversed" format="indexed8"/>
        <Image name="Image4" src="7173fa1.png" compressMethod="RLEReversed" format="indexed8"/>
        <Image name="Image5" src="d1f6e89.png" compressMethod="RLEReversed" format="indexed8"/>
        <Image name="Image6" src="fe8b8a4.png" compressMethod="RLEReversed" format="indexed8"/>
        <Image name="Image7" src="f778a87.png" compressMethod="RLEReversed" format="indexed8"/>
        <ImageArray name="ImageArray1" compressMethod="RLEReversed" format="indexed8">
            <Image src="Frame 11616_3296edfc-c373-4214-b8f4-1279c6283345.png"/>
            <Image src="Frame 11617_ac6855cb-04ba-4bd1-89f5-084d362a092d.png"/>
            <Image src="Frame 11618_9099260d-91ff-4e45-bc19-0c1118dfd143.png"/>
            <Image src="Frame 11619_978b3b32-f202-4136-a94c-fa7c9191f9fe.png"/>
            <Image src="Frame 11620_1e229292-e0a6-4696-9704-781b24ca7c8a.png"/>
            <Image src="Frame 11621_f811f1aa-5f52-443e-8b84-2e6577311363.png"/>
            <Image src="Frame 11622_85700382-a400-41b4-baf1-a46e283525f9.png"/>
            <Image src="Frame 11623_7a1633d4-268b-4280-9db9-87d100bdec86.png"/>
            <Image src="Frame 11624_ce380581-8673-4fdb-b118-577d1e340bb3.png"/>
            <Image src="Frame 11625_b47359a9-de80-4b14-83ef-5571029df12d.png"/>
            <Image src="366210105_/e5b5a97.png"/>
        </ImageArray>
        <ImageArray name="ImageArray2" compressMethod="RLEReversed" format="indexed8">
            <Image src="Frame 11616_3296edfc-c373-4214-b8f4-1279c6283345.png"/>
            <Image src="Frame 11617_ac6855cb-04ba-4bd1-89f5-084d362a092d.png"/>
            <Image src="Frame 11618_9099260d-91ff-4e45-bc19-0c1118dfd143.png"/>
            <Image src="Frame 11619_978b3b32-f202-4136-a94c-fa7c9191f9fe.png"/>
            <Image src="Frame 11620_1e229292-e0a6-4696-9704-781b24ca7c8a.png"/>
            <Image src="Frame 11621_f811f1aa-5f52-443e-8b84-2e6577311363.png"/>
            <Image src="Frame 11622_85700382-a400-41b4-baf1-a46e283525f9.png"/>
            <Image src="Frame 11623_7a1633d4-268b-4280-9db9-87d100bdec86.png"/>
            <Image src="Frame 11624_ce380581-8673-4fdb-b118-577d1e340bb3.png"/>
            <Image src="Frame 11625_b47359a9-de80-4b14-83ef-5571029df12d.png"/>
        </ImageArray>
        <ImageArray name="ImageArray3" compressMethod="RLEReversed" format="indexed8">
            <Image src="M66市场表盘-移植/a84db3a.png"/>
            <Image src="M66市场表盘-移植/21fda36.png"/>
            <Image src="M66市场表盘-移植/d85beb7.png"/>
            <Image src="M66市场表盘-移植/b787f17.png"/>
            <Image src="M66市场表盘-移植/c14648d.png"/>
            <Image src="M66市场表盘-移植/0d17bcb.png"/>
            <Image src="M66市场表盘-移植/6a5a201.png"/>
            <Image src="M66市场表盘-移植/509ce57.png"/>
            <Image src="M66市场表盘-移植/7fb6a8c.png"/>
            <Image src="M66市场表盘-移植/755000f.png"/>
        </ImageArray>
        <ImageArray name="ImageArray4" compressMethod="RLEReversed" format="indexed8">
            <Image src="M66市场表盘-移植/a7f5e2f.png"/>
            <Image src="M66市场表盘-移植/a615cd8.png"/>
            <Image src="M66市场表盘-移植/6ff2ddd.png"/>
            <Image src="M66市场表盘-移植/6914631.png"/>
            <Image src="M66市场表盘-移植/e5fdaf5.png"/>
            <Image src="M66市场表盘-移植/274667a.png"/>
            <Image src="M66市场表盘-移植/e08bc8a.png"/>
            <Image src="M66市场表盘-移植/800c905.png"/>
            <Image src="M66市场表盘-移植/c4d18a1.png"/>
            <Image src="M66市场表盘-移植/cfb8729.png"/>
        </ImageArray>
        <ImageArray name="ImageArray5" compressMethod="RLEReversed" format="indexed8">
            <Image src="M66市场表盘-移植/a8cd1bc.png"/>
            <Image src="M66市场表盘-移植/c32ca74.png"/>
            <Image src="M66市场表盘-移植/cf81adf.png"/>
        </ImageArray>
        <ImageArray name="ImageArray6" compressMethod="RLEReversed" format="indexed8">
            <Image src="M66市场表盘-移植/a8cd1bc.png"/>
            <Image src="M66市场表盘-移植/c32ca74.png"/>
            <Image src="M66市场表盘-移植/cf81adf.png"/>
            <Image src="M66市场表盘-移植/ba4f31f.png"/>
            <Image src="M66市场表盘-移植/3831789.png"/>
            <Image src="M66市场表盘-移植/5d5a355.png"/>
            <Image src="M66市场表盘-移植/f65c5a8.png"/>
            <Image src="M66市场表盘-移植/56551d3.png"/>
            <Image src="M66市场表盘-移植/f5e1dd8.png"/>
            <Image src="M66市场表盘-移植/fda162c.png"/>
        </ImageArray>
        <ImageArray name="ImageArray7" compressMethod="RLEReversed" format="indexed8">
            <Image src="M66市场表盘-移植/a8cd1bc.png"/>
            <Image src="M66市场表盘-移植/c32ca74.png"/>
            <Image src="M66市场表盘-移植/cf81adf.png"/>
            <Image src="M66市场表盘-移植/ba4f31f.png"/>
            <Image src="M66市场表盘-移植/3831789.png"/>
            <Image src="M66市场表盘-移植/5d5a355.png"/>
        </ImageArray>
        <ImageArray name="ImageArray8" compressMethod="RLEReversed" format="indexed8">
            <Image src="M66市场表盘-移植/2d291f2.png"/>
            <Image src="M66市场表盘-移植/00eb36a.png"/>
            <Image src="M66市场表盘-移植/7639902.png"/>
            <Image src="M66市场表盘-移植/3786960.png"/>
            <Image src="M66市场表盘-移植/42e2eb6.png"/>
            <Image src="M66市场表盘-移植/b65a58b.png"/>
            <Image src="M66市场表盘-移植/a69639c.png"/>
        </ImageArray>
        <DataItemImageNumber name="ImageNumber1" source="healthHeartRate" ref="@ImageArray1" rotation="0" supportRecolor="false" unitIcon="" leadingZero="false" decimalOffsetX="0" totalDigits="3" decimalDigits="0" trailingZero="false" parameter="1000" renderRule="alwaysShow" align="center" space="0"/>
        <DataItemImageNumber name="ImageNumber2" source="healthCalorieValue" ref="@ImageArray2" rotation="0" supportRecolor="false" unitIcon="" leadingZero="false" decimalOffsetX="0" totalDigits="5" decimalDigits="0" trailingZero="false" parameter="1000" renderRule="alwaysShow" align="center" space="0"/>
        <DataItemImageNumber name="ImageNumber3" source="healthStepCount" ref="@ImageArray2" rotation="0" supportRecolor="false" unitIcon="" leadingZero="false" decimalOffsetX="0" totalDigits="5" decimalDigits="0" trailingZero="false" parameter="1000" renderRule="alwaysShow" align="center" space="0"/>
        <DataItemImageNumber name="ImageNumber4" source="systemStatusBattery" ref="@ImageArray3" rotation="0" supportRecolor="false" unitIcon="@Image5" leadingZero="false" decimalOffsetX="0" totalDigits="3" decimalDigits="0" trailingZero="false" parameter="1000" renderRule="alwaysShow" align="left" space="0"/>
        <Widget name="Widget1" widgetName="组1" groupType="general" jumpApp="settings" w="192" h="25" flex_direction="row" justify_content="center" align_items="center" align_content="center" gap="2">
            <Item ref="@Image4"/>
            <Item ref="@ImageNumber4"/>
        </Widget>
        <DataItemImageNumber name="ImageNumber5" source="dateDay" ref="@ImageArray4" rotation="0" supportRecolor="false" unitIcon="" leadingZero="true" decimalOffsetX="0" totalDigits="2" decimalDigits="0" trailingZero="false" parameter="1000" renderRule="alwaysShow" align="left" space="2"/>
        <DataItemImageNumber name="ImageNumber6" source="dateMonth" ref="@ImageArray4" rotation="0" supportRecolor="false" unitIcon="" leadingZero="true" decimalOffsetX="0" totalDigits="2" decimalDigits="0" trailingZero="false" parameter="1000" renderRule="alwaysShow" align="left" space="2"/>
        <DataItemImageValues name="ImageValues1" source="timeHourHigh" ref="@ImageArray5" rotation="0" supportRecolor="false"/>
        <DataItemImageValues name="ImageValues2" source="timeHourLow" ref="@ImageArray6" rotation="0" supportRecolor="false"/>
        <DataItemImageValues name="ImageValues3" source="timeMinuteHigh" ref="@ImageArray7" rotation="0" supportRecolor="false"/>
        <DataItemImageValues name="ImageValues4" source="timeMinuteLow" ref="@ImageArray6" rotation="0" supportRecolor="false"/>
        <File fileName="_lua/code/shuishixueba.lua" name="_lua/code/shuishixueba.lua" preview="@Image6"/>
        <Widget name="Widget2" widgetName="JS/LUA程序1" w="120" h="60" jumpApp="luaApplication" args="@_lua/code/shuishixueba.lua">
            <Item x="0" y="0" ref="@Image6"/>
        </Widget>
        <File fileName="_lua/code/game/0.rle" name="_lua/code/game/0.rle"/>
        <File fileName="_lua/code/game/1.rle" name="_lua/code/game/1.rle"/>
        <File fileName="_lua/code/game/10.rle" name="_lua/code/game/10.rle"/>
        <File fileName="_lua/code/game/2.rle" name="_lua/code/game/2.rle"/>
        <File fileName="_lua/code/game/3.rle" name="_lua/code/game/3.rle"/>
        <File fileName="_lua/code/game/4.rle" name="_lua/code/game/4.rle"/>
        <File fileName="_lua/code/game/5.rle" name="_lua/code/game/5.rle"/>
        <File fileName="_lua/code/game/6.rle" name="_lua/code/game/6.rle"/>
        <File fileName="_lua/code/game/7.rle" name="_lua/code/game/7.rle"/>
        <File fileName="_lua/code/game/8.rle" name="_lua/code/game/8.rle"/>
        <File fileName="_lua/code/game/9.rle" name="_lua/code/game/9.rle"/>
        <File fileName="_lua/code/game/bg.rle" name="_lua/code/game/bg.rle"/>
        <File fileName="_lua/code/game/click.rle" name="_lua/code/game/click.rle"/>
        <File fileName="_lua/code/game/fail.rle" name="_lua/code/game/fail.rle"/>
        <File fileName="_lua/code/game/file0.rle" name="_lua/code/game/file0.rle"/>
        <File fileName="_lua/code/game/file1.rle" name="_lua/code/game/file1.rle"/>
        <File fileName="_lua/code/game/file2.rle" name="_lua/code/game/file2.rle"/>
        <File fileName="_lua/code/game/file3.rle" name="_lua/code/game/file3.rle"/>
        <File fileName="_lua/code/game/file4.rle" name="_lua/code/game/file4.rle"/>
        <File fileName="_lua/code/game/file5.rle" name="_lua/code/game/file5.rle"/>
        <File fileName="_lua/code/game/file6.rle" name="_lua/code/game/file6.rle"/>
        <File fileName="_lua/code/game/file7.rle" name="_lua/code/game/file7.rle"/>
        <File fileName="_lua/code/game/file8.rle" name="_lua/code/game/file8.rle"/>
        <File fileName="_lua/code/game/file9.rle" name="_lua/code/game/file9.rle"/>
        <File fileName="_lua/code/game/get0.rle" name="_lua/code/game/get0.rle"/>
        <File fileName="_lua/code/game/get1.rle" name="_lua/code/game/get1.rle"/>
        <File fileName="_lua/code/game/get2.rle" name="_lua/code/game/get2.rle"/>
        <File fileName="_lua/code/game/get3.rle" name="_lua/code/game/get3.rle"/>
        <File fileName="_lua/code/game/get4.rle" name="_lua/code/game/get4.rle"/>
        <File fileName="_lua/code/game/get5.rle" name="_lua/code/game/get5.rle"/>
        <File fileName="_lua/code/game/get6.rle" name="_lua/code/game/get6.rle"/>
        <File fileName="_lua/code/game/get7.rle" name="_lua/code/game/get7.rle"/>
        <File fileName="_lua/code/game/get8.rle" name="_lua/code/game/get8.rle"/>
        <File fileName="_lua/code/game/get9.rle" name="_lua/code/game/get9.rle"/>
        <File fileName="_lua/code/game/return.rle" name="_lua/code/game/return.rle"/>
        <File fileName="_lua/code/game/right.rle" name="_lua/code/game/right.rle"/>
        <File fileName="_lua/code/game/s1.rle" name="_lua/code/game/s1.rle"/>
        <File fileName="_lua/code/game/s10.rle" name="_lua/code/game/s10.rle"/>
        <File fileName="_lua/code/game/s11.rle" name="_lua/code/game/s11.rle"/>
        <File fileName="_lua/code/game/s2.rle" name="_lua/code/game/s2.rle"/>
        <File fileName="_lua/code/game/s3.rle" name="_lua/code/game/s3.rle"/>
        <File fileName="_lua/code/game/s4.rle" name="_lua/code/game/s4.rle"/>
        <File fileName="_lua/code/game/s5.rle" name="_lua/code/game/s5.rle"/>
        <File fileName="_lua/code/game/s6.rle" name="_lua/code/game/s6.rle"/>
        <File fileName="_lua/code/game/s7.rle" name="_lua/code/game/s7.rle"/>
        <File fileName="_lua/code/game/s8.rle" name="_lua/code/game/s8.rle"/>
        <File fileName="_lua/code/game/s9.rle" name="_lua/code/game/s9.rle"/>
        <File fileName="_lua/code/game/sig1.rle" name="_lua/code/game/sig1.rle"/>
        <File fileName="_lua/code/game/sig2.rle" name="_lua/code/game/sig2.rle"/>
        <File fileName="_lua/code/game/sig3.rle" name="_lua/code/game/sig3.rle"/>
        <File fileName="_lua/code/game/star.rle" name="_lua/code/game/star.rle"/>
        <File fileName="_lua/code/game/succeed.rle" name="_lua/code/game/succeed.rle"/>
        <File fileName="_lua/code/game/t.rle" name="_lua/code/game/t.rle"/>
        <File fileName="_lua/code/game/t0.rle" name="_lua/code/game/t0.rle"/>
        <File fileName="_lua/code/game/t1.rle" name="_lua/code/game/t1.rle"/>
        <File fileName="_lua/code/game/t2.rle" name="_lua/code/game/t2.rle"/>
        <File fileName="_lua/code/game/t3.rle" name="_lua/code/game/t3.rle"/>
        <File fileName="_lua/code/game/t4.rle" name="_lua/code/game/t4.rle"/>
        <File fileName="_lua/code/game/t5.rle" name="_lua/code/game/t5.rle"/>
        <File fileName="_lua/code/game/t6.rle" name="_lua/code/game/t6.rle"/>
        <File fileName="_lua/code/game/t7.rle" name="_lua/code/game/t7.rle"/>
        <File fileName="_lua/code/game/t8.rle" name="_lua/code/game/t8.rle"/>
        <File fileName="_lua/code/game/t9.rle" name="_lua/code/game/t9.rle"/>
        <File fileName="_lua/code/game/top0.rle" name="_lua/code/game/top0.rle"/>
        <File fileName="_lua/code/game/top1.rle" name="_lua/code/game/top1.rle"/>
        <File fileName="_lua/code/game/top2.rle" name="_lua/code/game/top2.rle"/>
        <File fileName="_lua/code/game/top3.rle" name="_lua/code/game/top3.rle"/>
        <File fileName="_lua/code/game/top4.rle" name="_lua/code/game/top4.rle"/>
        <File fileName="_lua/code/game/top5.rle" name="_lua/code/game/top5.rle"/>
        <File fileName="_lua/code/game/top6.rle" name="_lua/code/game/top6.rle"/>
        <File fileName="_lua/code/game/top7.rle" name="_lua/code/game/top7.rle"/>
        <File fileName="_lua/code/game/top8.rle" name="_lua/code/game/top8.rle"/>
        <File fileName="_lua/code/game/top9.rle" name="_lua/code/game/top9.rle"/>
        <File fileName="_lua/code/game/wrong.rle" name="_lua/code/game/wrong.rle"/>
        <DataItemImageValues name="ImageValues5" source="dateWeek" ref="@ImageArray8" rotation="0" supportRecolor="false"/>
    </Resources>
    <Theme type="normal" name="样式1" bgColor="" isPhotoAlbumWatchface="false" preview="@Image1">
        <Layout ref="@Image2" x="1" y="0"/>
        <Layout ref="@Image3" x="51" y="169"/>
        <Layout ref="@ImageNumber1" x="97" y="230"/>
        <Layout ref="@ImageNumber2" x="100" y="279"/>
        <Layout ref="@ImageNumber3" x="103" y="336"/>
        <Layout ref="@Widget1" x="0" y="21"/>
        <Layout ref="@ImageNumber5" x="70" y="169"/>
        <Layout ref="@ImageNumber6" x="10" y="169"/>
        <Layout ref="@ImageValues1" x="1" y="66"/>
        <Layout ref="@ImageValues2" x="40" y="66"/>
        <Layout ref="@ImageValues3" x="106" y="66"/>
        <Layout ref="@ImageValues4" x="146" y="66"/>
        <Layout ref="@Widget2" x="37" y="405"/>
        <Layout ref="@ImageValues5" x="120" y="169"/>
        <Layout ref="@Image7" x="82" y="66"/>
    </Theme>
    <Theme type="AOD" name="样式1" bgColor="" isPhotoAlbumWatchface="false"/>
</Watchface>